"congress","last","first","state","party","score"
"112th","Snowe","Olympia","ME","R",2.081488
"112th","Collins","Susan","ME","R",1.533183
"112th","Murkowski","Lisa","AK","R",1.509344
"112th","Manchin","Joe","WV","D",0.869413
"112th","Grassley","Chuck","IA","R",0.728107
"112th","Brown","Scott","MA","R",0.651887
"112th","Kirk","Mark","IL","R",0.627258
"112th","Conrad","Kent","ND","D",0.562812
"112th","McCaskill","Claire","MO","D",0.495112
"112th","Pryor","Mark","AR","D",0.404719
"112th","Begich","Mark","AK","D",0.392413
"112th","Lieberman","Joe","CT","D",0.389837
"112th","Landrieu","Mary","LA","D",0.318963
"112th","Nelson","Bill","FL","D",0.226657
"112th","Blunt","Roy","MO","R",0.223598
"112th","Shaheen","Jeanne","NH","D",0.198168
"112th","Portman","Rob","OH","R",0.185773
"112th","Nelson","Ben","NE","D",0.147509
"112th","Boozman","John","AR","R",0.037841
"112th","Isakson","Johnny","GA","R",-0.03851
"112th","Johnson","Tim","SD","D",-0.04288
"112th","Warner","Mark","VA","D",-0.04552
"112th","Alexander","Lamar","TN","R",-0.0494
"112th","Klobuchar","Amy","MN","D",-0.05525
"112th","Tester","Jon","MT","D",-0.07894
"112th","Cochran","Thad","MS","R",-0.10865
"112th","Hoeven","John","ND","R",-0.11976
"112th","Crapo","Mike","ID","R",-0.14587
"112th","Webb","Jim","VA","D",-0.14716
"112th","Udall","Mark","CO","D",-0.19511
"112th","Burr","Richard","NC","R",-0.19975
"112th","Bingaman","Jeff","NM","D",-0.24146
"112th","Kohl","Herb","WI","D",-0.25333
"112th","Cardin","Ben","MD","D",-0.27569
"112th","Carper","Tom","DE","D",-0.28793
"112th","Coburn","Tom","OK","R",-0.28924
"112th","Hutchison","Kay","TX","R",-0.29023
"112th","Johanns","Mike","NE","R",-0.3044
"112th","Wyden","Ron","OR","D",-0.31321
"112th","Corker","Bob","TN","R",-0.32468
"112th","Ayotte","Kelly","NH","R",-0.40915
"112th","Thune","John","SD","R",-0.42003
"112th","Heller","Dean","NV","R",-0.42524
"112th","Stabenow","Debbie","MI","D",-0.42837
"112th","Roberts","Pat","KS","R",-0.43788
"112th","Hagan","Kay","NC","D",-0.45734
"112th","Leahy","Patrick","VT","D",-0.46341
"112th","Lugar","Richard","IN","R",-0.51131
"112th","Cantwell","Maria","WA","D",-0.5206
"112th","Enzi","Mike","WY","R",-0.52546
"112th","Bennet","Michael","CO","D",-0.54173
"112th","Baucus","Max","MT","D",-0.54218
"112th","Moran","Jerry","KS","R",-0.56987
"112th","Whitehouse","Sheldon","RI","D",-0.57005
"112th","Kerry","John","MA","D",-0.61321
"112th","Durbin","Dick","IL","D",-0.63792
"112th","Feinstein","Dianne","CA","D",-0.65222
"112th","Reed","Jack","RI","D",-0.65399
"112th","Rubio","Marco","FL","R",-0.67835
"112th","Akaka","Daniel","HI","D",-0.71658
"112th","Sessions","Jeff","AL","R",-0.71915
"112th","Coons","Chris","MD","D",-0.75225
"112th","Toomey","Pat","PA","R",-0.75798
"112th","Harkin","Tom","IA","D",-0.77372
"112th","Boxer","Barbara","CA","D",-0.77756
"112th","McCain","John","AZ","R",-0.83075
"112th","Merkley","Jeff","OR","D",-0.83459
"112th","Mikulski","Barbara","MD","D",-0.85122
"112th","Franken","Al","MN","D",-0.8607
"112th","Udall","Tom","NM","D",-0.87324
"112th","Schumer","Chuck","NY","D",-0.89017
"112th","Inouye","Daniel","HI","D",-0.92251
"112th","Casey","Bob","PA","D",-0.92346
"112th","Rockefeller","Jay","WV","D",-0.93095
"112th","Blumenthal","Richard","CT","D",-0.93761
"112th","Vitter","David","LA","R",-0.97178
"112th","Gillibrand","Kirsten","NY","D",-0.98966
"112th","Wicker","Roger","MS","R",-1.01025
"112th","Graham","Lindsey","SC","R",-1.05669
"112th","Murray","Patty","WA","D",-1.05965
"112th","Cornyn","John","TX","R",-1.0794
"112th","Menéndez","Bob","NJ","D",-1.09034
"112th","Inhofe","Jim","OK","R",-1.10199
"112th","Levin","Carl","MI","D",-1.11181
"112th","Chambliss","Saxby","GA","R",-1.13754
"112th","Barrasso","John","WY","R",-1.16826
"112th","Brown","Sherrod","OH","D",-1.19045
"112th","Shelby","Richard","AL","R",-1.21059
"112th","Kyl","Jon","AZ","R",-1.27156
"112th","Hatch","Orrin","UT","R",-1.36047
"112th","Lautenberg","Frank","NJ","D",-1.45787
"112th","Risch","Jim","ID","R",-1.63499
"112th","Sanders","Bernie","VT","D",-1.71773
"112th","Lee","Mike","UT","R",-1.81647
"112th","Paul","Rand","KY","R",-1.90618
"112th","Johnson","Ron","WI","R",-2.00491
"112th","Coats","Dan","IN","R",-2.00828
"112th","DeMint","Jim","SC","R",-2.09564
"112th","Akaka","Daniel","HI","D",-0.71658
"112th","Alexander","Lamar","TN","R",-0.0494
"112th","Ayotte","Kelly","NH","R",-0.40915
"112th","Barrasso","John","WY","R",-1.16826
"112th","Baucus","Max","MT","D",-0.54218
"112th","Begich","Mark","AK","D",0.392413
"112th","Bennet","Michael","CO","D",-0.54173
"112th","Bingaman","Jeff","NM","D",-0.24146
"112th","Blumenthal","Richard","CT","D",-0.93761
"112th","Blunt","Roy","MO","R",0.223598
"112th","Boozman","John","AR","R",0.037841
"112th","Boxer","Barbara","CA","D",-0.77756
"112th","Brown","Scott","MA","R",0.651887
"112th","Brown","Sherrod","OH","D",-1.19045
"112th","Burr","Richard","NC","R",-0.19975
"112th","Cantwell","Maria","WA","D",-0.5206
"112th","Cardin","Ben","MD","D",-0.27569
"112th","Carper","Tom","DE","D",-0.28793
"112th","Casey","Bob","PA","D",-0.92346
"112th","Chambliss","Saxby","GA","R",-1.13754
"112th","Coats","Dan","IN","R",-2.00828
"112th","Coburn","Tom","OK","R",-0.28924
"112th","Cochran","Thad","MS","R",-0.10865
"112th","Collins","Susan","ME","R",1.533183
"112th","Conrad","Kent","ND","D",0.562812
"112th","Coons","Chris","MD","D",-0.75225
"112th","Corker","Bob","TN","R",-0.32468
"112th","Cornyn","John","TX","R",-1.0794
"112th","Crapo","Mike","ID","R",-0.14587
"112th","DeMint","Jim","SC","R",-2.09564
"112th","Durbin","Dick","IL","D",-0.63792
"112th","Enzi","Mike","WY","R",-0.52546
"112th","Feinstein","Dianne","CA","D",-0.65222
"112th","Franken","Al","MN","D",-0.8607
"112th","Gillibrand","Kirsten","NY","D",-0.98966
"112th","Graham","Lindsey","SC","R",-1.05669
"112th","Grassley","Chuck","IA","R",0.728107
"112th","Hagan","Kay","NC","D",-0.45734
"112th","Harkin","Tom","IA","D",-0.77372
"112th","Hatch","Orrin","UT","R",-1.36047
"112th","Heller","Dean","NV","R",-0.42524
"112th","Hoeven","John","ND","R",-0.11976
"112th","Hutchison","Kay","TX","R",-0.29023
"112th","Inhofe","Jim","OK","R",-1.10199
"112th","Inouye","Daniel","HI","D",-0.92251
"112th","Isakson","Johnny","GA","R",-0.03851
"112th","Johanns","Mike","NE","R",-0.3044
"112th","Johnson","Tim","SD","D",-0.04288
"112th","Johnson","Ron","WI","R",-2.00491
"112th","Kerry","John","MA","D",-0.61321
"112th","Kirk","Mark","IL","R",0.627258
"112th","Klobuchar","Amy","MN","D",-0.05525
"112th","Kohl","Herb","WI","D",-0.25333
"112th","Kyl","Jon","AZ","R",-1.27156
"112th","Landrieu","Mary","LA","D",0.318963
"112th","Lautenberg","Frank","NJ","D",-1.45787
"112th","Leahy","Patrick","VT","D",-0.46341
"112th","Lee","Mike","UT","R",-1.81647
"112th","Levin","Carl","MI","D",-1.11181
"112th","Lieberman","Joe","CT","D",0.389837
"112th","Lugar","Richard","IN","R",-0.51131
"112th","Manchin","Joe","WV","D",0.869413
"112th","McCain","John","AZ","R",-0.83075
"112th","McCaskill","Claire","MO","D",0.495112
"112th","Menéndez","Bob","NJ","D",-1.09034
"112th","Merkley","Jeff","OR","D",-0.83459
"112th","Mikulski","Barbara","MD","D",-0.85122
"112th","Moran","Jerry","KS","R",-0.56987
"112th","Murkowski","Lisa","AK","R",1.509344
"112th","Murray","Patty","WA","D",-1.05965
"112th","Nelson","Bill","FL","D",0.226657
"112th","Nelson","Ben","NE","D",0.147509
"112th","Paul","Rand","KY","R",-1.90618
"112th","Portman","Rob","OH","R",0.185773
"112th","Pryor","Mark","AR","D",0.404719
"112th","Reed","Jack","RI","D",-0.65399
"112th","Risch","Jim","ID","R",-1.63499
"112th","Roberts","Pat","KS","R",-0.43788
"112th","Rockefeller","Jay","WV","D",-0.93095
"112th","Rubio","Marco","FL","R",-0.67835
"112th","Sanders","Bernie","VT","D",-1.71773
"112th","Schumer","Chuck","NY","D",-0.89017
"112th","Sessions","Jeff","AL","R",-0.71915
"112th","Shaheen","Jeanne","NH","D",0.198168
"112th","Shelby","Richard","AL","R",-1.21059
"112th","Snowe","Olympia","ME","R",2.081488
"112th","Stabenow","Debbie","MI","D",-0.42837
"112th","Tester","Jon","MT","D",-0.07894
"112th","Thune","John","SD","R",-0.42003
"112th","Toomey","Pat","PA","R",-0.75798
"112th","Udall","Mark","CO","D",-0.19511
"112th","Udall","Tom","NM","D",-0.87324
"112th","Vitter","David","LA","R",-0.97178
"112th","Warner","Mark","VA","D",-0.04552
"112th","Webb","Jim","VA","D",-0.14716
"112th","Whitehouse","Sheldon","RI","D",-0.57005
"112th","Wicker","Roger","MS","R",-1.01025
"112th","Wyden","Ron","OR","D",-0.31321
"111th","Snowe","Olympia","ME","R",2.637516
"111th","Lugar","Richard","IN","R",2.102551
"111th","Collins","Susan","ME","R",2.003958
"111th","Voinovich","George","OH","R",1.96472
"111th","Murkowski","Lisa","AK","R",1.199511
"111th","Grassley","Chuck","IA","R",1.082102
"111th","Conrad","Kent","ND","D",1.021832
"111th","Gregg","Judd","NH","R",0.764227
"111th","Crapo","Mike","ID","R",0.703419
"111th","Cochran","Thad","MS","R",0.685287
"111th","Hatch","Orrin","UT","R",0.551959
"111th","Lincoln","Blanche","AR","D",0.469925
"111th","Bayh","Evan","IN","D",0.444763
"111th","Thune","John","SD","R",0.397185
"111th","Dorgan","Byron","ND","D",0.378719
"111th","Ensign","John","NV","R",0.365479
"111th","Enzi","Mike","WY","R",0.345669
"111th","Brown","Scott","MA","R",0.316876
"111th","Johanns","Mike","NE","R",0.307286
"111th","Nelson","Ben","NE","D",0.295855
"111th","LeMieux","George","FL","R",0.29253
"111th","Burr","Richard","NC","R",0.283684
"111th","Baucus","Max","MT","D",0.19785
"111th","Landrieu","Mary","LA","D",0.195274
"111th","Bond","Kit","MO","R",0.161932
"111th","Lieberman","Joe","CT","D",0.105543
"111th","Nelson","Bill","FL","D",0.104082
"111th","McCaskill","Claire","MO","D",0.089682
"111th","McCain","John","AZ","R",0.056456
"111th","Corker","Bob","TN","R",0.040318
"111th","Brownback","Sam","KS","R",0.012582
"111th","Hutchison","Kay","TX","R",0.008974
"111th","Isakson","Johnny","GA","R",-0.05154
"111th","Brown","Sherrod","OH","D",-0.0545
"111th","Graham","Lindsey","SC","R",-0.10075
"111th","Bingaman","Jeff","NM","D",-0.13293
"111th","Alexander","Lamar","TN","R",-0.1335
"111th","Pryor","Mark","AR","D",-0.13924
"111th","Akaka","Daniel","HI","D",-0.15392
"111th","Leahy","Patrick","VT","D",-0.20408
"111th","Shaheen","Jeanne","NH","D",-0.24298
"111th","Johnson","Tim","SD","D",-0.24317
"111th","Roberts","Pat","KS","R",-0.24327
"111th","Kohl","Herb","WI","D",-0.26205
"111th","Mikulski","Barbara","MD","D",-0.27657
"111th","Harkin","Tom","IA","D",-0.28458
"111th","Kerry","John","MA","D",-0.31083
"111th","Webb","Jim","VA","D",-0.31156
"111th","Carper","Tom","DE","D",-0.31705
"111th","Klobuchar","Amy","MN","D",-0.32023
"111th","Wyden","Ron","OR","D",-0.35241
"111th","Feingold","Russ","WI","D",-0.35243
"111th","Warner","Mark","VA","D",-0.36639
"111th","Wicker","Roger","MS","R",-0.37067
"111th","Chambliss","Saxby","GA","R",-0.39221
"111th","Begich","Mark","AK","D",-0.39899
"111th","Durbin","Dick","IL","D",-0.43106
"111th","Rockefeller","Jay","WV","D",-0.45928
"111th","Stabenow","Debbie","MI","D",-0.47264
"111th","Tester","Jon","MT","D",-0.48152
"111th","Sessions","Jeff","AL","R",-0.50229
"111th","Vitter","David","LA","R",-0.50416
"111th","Bunning","Jim","KY","R",-0.51324
"111th","Kaufman","Ted","DE","D",-0.53238
"111th","Barrasso","John","WY","R",-0.53507
"111th","Cornyn","John","TX","R",-0.54
"111th","Cardin","Ben","MD","D",-0.55949
"111th","Cantwell","Maria","WA","D",-0.60268
"111th","Udall","Mark","CO","D",-0.63468
"111th","Schumer","Chuck","NY","D",-0.65208
"111th","Franken","Al","MN","D",-0.65362
"111th","Bennett","Bob","UT","R",-0.70213
"111th","Dodd","Chris","CT","D",-0.7232
"111th","Murray","Patty","WA","D",-0.75717
"111th","Boxer","Barbara","CA","D",-0.76087
"111th","Inouye","Daniel","HI","D",-0.77691
"111th","Byrd","Robert","WV","D",-0.7914
"111th","Whitehouse","Sheldon","RI","D",-0.79176
"111th","Merkley","Jeff","OR","D",-0.79883
"111th","Risch","Jim","ID","R",-0.81773
"111th","Inhofe","Jim","OK","R",-0.81905
"111th","Reed","Jack","RI","D",-0.8462
"111th","Feinstein","Dianne","CA","D",-0.87923
"111th","Hagan","Kay","NC","D",-0.88445
"111th","Bennet","Michael","CO","D",-0.90316
"111th","Kyl","Jon","AZ","R",-1.04074
"111th","Shelby","Richard","AL","R",-1.04134
"111th","Coburn","Tom","OK","R",-1.06829
"111th","Specter","Arlen","PA","D",-1.06881
"111th","Levin","Carl","MI","D",-1.07376
"111th","Sanders","Bernie","VT","D",-1.12887
"111th","Lautenberg","Frank","NJ","D",-1.15806
"111th","Udall","Tom","NM","D",-1.16001
"111th","Menéndez","Bob","NJ","D",-1.17711
"111th","Casey","Bob","PA","D",-1.24687
"111th","Gillibrand","Kirsten","NY","D",-1.38419
"111th","Burris","Roland","IL","D",-1.46384
"111th","DeMint","Jim","SC","R",-1.84915
"111th","Akaka","Daniel","HI","D",-0.15392
"111th","Alexander","Lamar","TN","R",-0.1335
"111th","Barrasso","John","WY","R",-0.53507
"111th","Baucus","Max","MT","D",0.19785
"111th","Bayh","Evan","IN","D",0.444763
"111th","Begich","Mark","AK","D",-0.39899
"111th","Bennet","Michael","CO","D",-0.90316
"111th","Bennett","Bob","UT","R",-0.70213
"111th","Bingaman","Jeff","NM","D",-0.13293
"111th","Bond","Kit","MO","R",0.161932
"111th","Boxer","Barbara","CA","D",-0.76087
"111th","Brown","Scott","MA","R",0.316876
"111th","Brown","Sherrod","OH","D",-0.0545
"111th","Brownback","Sam","KS","R",0.012582
"111th","Bunning","Jim","KY","R",-0.51324
"111th","Burr","Richard","NC","R",0.283684
"111th","Burris","Roland","IL","D",-1.46384
"111th","Byrd","Robert","WV","D",-0.7914
"111th","Cantwell","Maria","WA","D",-0.60268
"111th","Cardin","Ben","MD","D",-0.55949
"111th","Carper","Tom","DE","D",-0.31705
"111th","Casey","Bob","PA","D",-1.24687
"111th","Chambliss","Saxby","GA","R",-0.39221
"111th","Coburn","Tom","OK","R",-1.06829
"111th","Cochran","Thad","MS","R",0.685287
"111th","Collins","Susan","ME","R",2.003958
"111th","Conrad","Kent","ND","D",1.021832
"111th","Corker","Bob","TN","R",0.040318
"111th","Cornyn","John","TX","R",-0.54
"111th","Crapo","Mike","ID","R",0.703419
"111th","DeMint","Jim","SC","R",-1.84915
"111th","Dodd","Chris","CT","D",-0.7232
"111th","Dorgan","Byron","ND","D",0.378719
"111th","Durbin","Dick","IL","D",-0.43106
"111th","Ensign","John","NV","R",0.365479
"111th","Enzi","Mike","WY","R",0.345669
"111th","Feingold","Russ","WI","D",-0.35243
"111th","Feinstein","Dianne","CA","D",-0.87923
"111th","Franken","Al","MN","D",-0.65362
"111th","Gillibrand","Kirsten","NY","D",-1.38419
"111th","Graham","Lindsey","SC","R",-0.10075
"111th","Grassley","Chuck","IA","R",1.082102
"111th","Gregg","Judd","NH","R",0.764227
"111th","Hagan","Kay","NC","D",-0.88445
"111th","Harkin","Tom","IA","D",-0.28458
"111th","Hatch","Orrin","UT","R",0.551959
"111th","Hutchison","Kay","TX","R",0.008974
"111th","Inhofe","Jim","OK","R",-0.81905
"111th","Inouye","Daniel","HI","D",-0.77691
"111th","Isakson","Johnny","GA","R",-0.05154
"111th","Johanns","Mike","NE","R",0.307286
"111th","Johnson","Tim","SD","D",-0.24317
"111th","Kaufman","Ted","DE","D",-0.53238
"111th","Kerry","John","MA","D",-0.31083
"111th","Klobuchar","Amy","MN","D",-0.32023
"111th","Kohl","Herb","WI","D",-0.26205
"111th","Kyl","Jon","AZ","R",-1.04074
"111th","Landrieu","Mary","LA","D",0.195274
"111th","Lautenberg","Frank","NJ","D",-1.15806
"111th","Leahy","Patrick","VT","D",-0.20408
"111th","LeMieux","George","FL","R",0.29253
"111th","Levin","Carl","MI","D",-1.07376
"111th","Lieberman","Joe","CT","D",0.105543
"111th","Lincoln","Blanche","AR","D",0.469925
"111th","Lugar","Richard","IN","R",2.102551
"111th","McCain","John","AZ","R",0.056456
"111th","McCaskill","Claire","MO","D",0.089682
"111th","Menéndez","Bob","NJ","D",-1.17711
"111th","Merkley","Jeff","OR","D",-0.79883
"111th","Mikulski","Barbara","MD","D",-0.27657
"111th","Murkowski","Lisa","AK","R",1.199511
"111th","Murray","Patty","WA","D",-0.75717
"111th","Nelson","Ben","NE","D",0.295855
"111th","Nelson","Bill","FL","D",0.104082
"111th","Pryor","Mark","AR","D",-0.13924
"111th","Reed","Jack","RI","D",-0.8462
"111th","Risch","Jim","ID","R",-0.81773
"111th","Roberts","Pat","KS","R",-0.24327
"111th","Rockefeller","Jay","WV","D",-0.45928
"111th","Sanders","Bernie","VT","D",-1.12887
"111th","Schumer","Chuck","NY","D",-0.65208
"111th","Sessions","Jeff","AL","R",-0.50229
"111th","Shaheen","Jeanne","NH","D",-0.24298
"111th","Shelby","Richard","AL","R",-1.04134
"111th","Snowe","Olympia","ME","R",2.637516
"111th","Specter","Arlen","PA","D",-1.06881
"111th","Stabenow","Debbie","MI","D",-0.47264
"111th","Tester","Jon","MT","D",-0.48152
"111th","Thune","John","SD","R",0.397185
"111th","Udall","Mark","CO","D",-0.63468
"111th","Udall","Tom","NM","D",-1.16001
"111th","Vitter","David","LA","R",-0.50416
"111th","Voinovich","George","OH","R",1.96472
"111th","Warner","Mark","VA","D",-0.36639
"111th","Webb","Jim","VA","D",-0.31156
"111th","Whitehouse","Sheldon","RI","D",-0.79176
"111th","Wicker","Roger","MS","R",-0.37067
"111th","Wyden","Ron","OR","D",-0.35241
"110th","Smith","Gordon","OR","R",2.718033
"110th","Snowe","Olympia","ME","R",2.058388
"110th","Lugar","Richard","IN","R",1.889898
"110th","Lincoln","Blanche","AR","D",1.707906
"110th","Specter","Arlen","PA","R",1.663065
"110th","Domenici","Pete","NM","R",1.637686
"110th","Collins","Susan","ME","R",1.542245
"110th","Warner","John","VA","R",1.512425
"110th","Conrad","Kent","ND","D",1.372446
"110th","Coleman","Norm","MN","R",1.348349
"110th","Grassley","Chuck","IA","R",1.334054
"110th","Nelson","Ben","NE","D",1.321263
"110th","Bingaman","Jeff","NM","D",1.140003
"110th","Hatch","Orrin","UT","R",1.123483
"110th","Hagel","Chuck","NE","R",1.105567
"110th","Bond","Kit","MO","R",0.932699
"110th","Cochran","Thad","MS","R",0.862258
"110th","McCain","John","AZ","R",0.854752
"110th","Lieberman","Joe","CT","D",0.825711
"110th","Carper","Tom","DE","D",0.803081
"110th","Wyden","Ron","OR","D",0.78914
"110th","Voinovich","George","OH","R",0.786521
"110th","Salazar","Ken","CO","D",0.729451
"110th","Stevens","Ted","AK","R",0.725641
"110th","Leahy","Patrick","VT","D",0.703892
"110th","Johnson","Tim","SD","D",0.68741
"110th","Pryor","Mark","AR","D",0.678772
"110th","Baucus","Max","MT","D",0.676827
"110th","Landrieu","Mary","LA","D",0.648046
"110th","Harkin","Tom","IA","D",0.565903
"110th","Biden","Joe","DE","D",0.556175
"110th","Bayh","Evan","IN","D",0.517205
"110th","Webb","Jim","VA","D",0.489339
"110th","Crapo","Mike","ID","R",0.483655
"110th","Bunning","Jim","KY","R",0.474514
"110th","Cardin","Ben","MD","D",0.445769
"110th","Nelson","Bill","FL","D",0.405631
"110th","Dorgan","Byron","ND","D",0.40366
"110th","Thune","John","SD","R",0.345901
"110th","Allard","Wayne","CO","R",0.329681
"110th","Kerry","John","MA","D",0.276677
"110th","Hutchison","Kay","TX","R",0.261282
"110th","Cantwell","Maria","WA","D",0.248778
"110th","Brownback","Sam","KS","R",0.247898
"110th","Klobuchar","Amy","MN","D",0.246509
"110th","Dole","Elizabeth","NC","R",0.23186
"110th","Rockefeller","Jay","WV","D",0.228783
"110th","Reed","Jack","RI","D",0.222883
"110th","Kennedy","Ted","MA","D",0.218964
"110th","Stabenow","Debbie","MI","D",0.204984
"110th","Martinez","Mel","FL","R",0.202842
"110th","Sununu","John","NH","R",0.195769
"110th","Inouye","Daniel","HI","D",0.156951
"110th","Chambliss","Saxby","GA","R",0.154351
"110th","Alexander","Lamar","TN","R",0.151519
"110th","Durbin","Dick","IL","D",0.150868
"110th","Murkowski","Lisa","AK","R",0.122407
"110th","Lott","Trent","MS","R",0.122203
"110th","Enzi","Mike","WY","R",0.115882
"110th","Corker","Bob","TN","R",0.109245
"110th","Ensign","John","NV","R",0.107549
"110th","Mikulski","Barbara","MD","D",0.067395
"110th","Feinstein","Dianne","CA","D",0.066608
"110th","Gregg","Judd","NH","R",0.061546
"110th","Kohl","Herb","WI","D",0.060078
"110th","Casey","Bob","PA","D",0.009973
"110th","Dodd","Chris","CT","D",-0.0047
"110th","Roberts","Pat","KS","R",-0.00994
"110th","McCaskill","Claire","MO","D",-0.01456
"110th","Akaka","Daniel","HI","D",-0.0709
"110th","Burr","Richard","NC","R",-0.15464
"110th","Feingold","Russ","WI","D",-0.16007
"110th","Graham","Lindsey","SC","R",-0.20966
"110th","Isakson","Johnny","GA","R",-0.24732
"110th","Brown","Sherrod","OH","D",-0.27162
"110th","Clinton","Hillary","NY","D",-0.30454
"110th","Lautenberg","Frank","NJ","D",-0.32126
"110th","Murray","Patty","WA","D",-0.36781
"110th","Cornyn","John","TX","R",-0.40268
"110th","Tester","Jon","MT","D",-0.4053
"110th","Craig","Larry","ID","R",-0.43577
"110th","Obama","Barack","IL","D",-0.44295
"110th","Sanders","Bernie","VT","D",-0.49134
"110th","Bennett","Bob","UT","R",-0.49748
"110th","Schumer","Chuck","NY","D",-0.50865
"110th","Sessions","Jeff","AL","R",-0.50906
"110th","Levin","Carl","MI","D",-0.52979
"110th","Boxer","Barbara","CA","D",-0.65327
"110th","Vitter","David","LA","R",-0.76557
"110th","Whitehouse","Sheldon","RI","D",-0.80056
"110th","Inhofe","Jim","OK","R",-0.81195
"110th","Barrasso","John","WY","R",-0.89613
"110th","Menéndez","Bob","NJ","D",-0.90422
"110th","Byrd","Robert","WV","D",-0.95158
"110th","Wicker","Roger","MS","R",-0.96495
"110th","Kyl","Jon","AZ","R",-1.05846
"110th","Shelby","Richard","AL","R",-1.09441
"110th","Coburn","Tom","OK","R",-1.38334
"110th","DeMint","Jim","SC","R",-2.03566
"110th","Akaka","Daniel","HI","D",-0.0709
"110th","Alexander","Lamar","TN","R",0.151519
"110th","Allard","Wayne","CO","R",0.329681
"110th","Barrasso","John","WY","R",-0.89613
"110th","Baucus","Max","MT","D",0.676827
"110th","Bayh","Evan","IN","D",0.517205
"110th","Bennett","Bob","UT","R",-0.49748
"110th","Biden","Joe","DE","D",0.556175
"110th","Bingaman","Jeff","NM","D",1.140003
"110th","Bond","Kit","MO","R",0.932699
"110th","Boxer","Barbara","CA","D",-0.65327
"110th","Brown","Sherrod","OH","D",-0.27162
"110th","Brownback","Sam","KS","R",0.247898
"110th","Bunning","Jim","KY","R",0.474514
"110th","Burr","Richard","NC","R",-0.15464
"110th","Byrd","Robert","WV","D",-0.95158
"110th","Cantwell","Maria","WA","D",0.248778
"110th","Cardin","Ben","MD","D",0.445769
"110th","Carper","Tom","DE","D",0.803081
"110th","Casey","Bob","PA","D",0.009973
"110th","Chambliss","Saxby","GA","R",0.154351
"110th","Clinton","Hillary","NY","D",-0.30454
"110th","Coburn","Tom","OK","R",-1.38334
"110th","Cochran","Thad","MS","R",0.862258
"110th","Coleman","Norm","MN","R",1.348349
"110th","Collins","Susan","ME","R",1.542245
"110th","Conrad","Kent","ND","D",1.372446
"110th","Corker","Bob","TN","R",0.109245
"110th","Cornyn","John","TX","R",-0.40268
"110th","Craig","Larry","ID","R",-0.43577
"110th","Crapo","Mike","ID","R",0.483655
"110th","DeMint","Jim","SC","R",-2.03566
"110th","Dodd","Chris","CT","D",-0.0047
"110th","Dole","Elizabeth","NC","R",0.23186
"110th","Domenici","Pete","NM","R",1.637686
"110th","Dorgan","Byron","ND","D",0.40366
"110th","Durbin","Dick","IL","D",0.150868
"110th","Ensign","John","NV","R",0.107549
"110th","Enzi","Mike","WY","R",0.115882
"110th","Feingold","Russ","WI","D",-0.16007
"110th","Feinstein","Dianne","CA","D",0.066608
"110th","Graham","Lindsey","SC","R",-0.20966
"110th","Grassley","Chuck","IA","R",1.334054
"110th","Gregg","Judd","NH","R",0.061546
"110th","Hagel","Chuck","NE","R",1.105567
"110th","Harkin","Tom","IA","D",0.565903
"110th","Hatch","Orrin","UT","R",1.123483
"110th","Hutchison","Kay","TX","R",0.261282
"110th","Inhofe","Jim","OK","R",-0.81195
"110th","Inouye","Daniel","HI","D",0.156951
"110th","Isakson","Johnny","GA","R",-0.24732
"110th","Johnson","Tim","SD","D",0.68741
"110th","Kennedy","Ted","MA","D",0.218964
"110th","Kerry","John","MA","D",0.276677
"110th","Klobuchar","Amy","MN","D",0.246509
"110th","Kohl","Herb","WI","D",0.060078
"110th","Kyl","Jon","AZ","R",-1.05846
"110th","Landrieu","Mary","LA","D",0.648046
"110th","Lautenberg","Frank","NJ","D",-0.32126
"110th","Leahy","Patrick","VT","D",0.703892
"110th","Levin","Carl","MI","D",-0.52979
"110th","Lieberman","Joe","CT","D",0.825711
"110th","Lincoln","Blanche","AR","D",1.707906
"110th","Lott","Trent","MS","R",0.122203
"110th","Lugar","Richard","IN","R",1.889898
"110th","Martinez","Mel","FL","R",0.202842
"110th","McCain","John","AZ","R",0.854752
"110th","McCaskill","Claire","MO","D",-0.01456
"110th","Menéndez","Bob","NJ","D",-0.90422
"110th","Mikulski","Barbara","MD","D",0.067395
"110th","Murkowski","Lisa","AK","R",0.122407
"110th","Murray","Patty","WA","D",-0.36781
"110th","Nelson","Ben","NE","D",1.321263
"110th","Nelson","Bill","FL","D",0.405631
"110th","Obama","Barack","IL","D",-0.44295
"110th","Pryor","Mark","AR","D",0.678772
"110th","Reed","Jack","RI","D",0.222883
"110th","Roberts","Pat","KS","R",-0.00994
"110th","Rockefeller","Jay","WV","D",0.228783
"110th","Salazar","Ken","CO","D",0.729451
"110th","Sanders","Bernie","VT","D",-0.49134
"110th","Schumer","Chuck","NY","D",-0.50865
"110th","Sessions","Jeff","AL","R",-0.50906
"110th","Shelby","Richard","AL","R",-1.09441
"110th","Smith","Gordon","OR","R",2.718033
"110th","Snowe","Olympia","ME","R",2.058388
"110th","Specter","Arlen","PA","R",1.663065
"110th","Stabenow","Debbie","MI","D",0.204984
"110th","Stevens","Ted","AK","R",0.725641
"110th","Sununu","John","NH","R",0.195769
"110th","Tester","Jon","MT","D",-0.4053
"110th","Thune","John","SD","R",0.345901
"110th","Vitter","David","LA","R",-0.76557
"110th","Voinovich","George","OH","R",0.786521
"110th","Warner","John","VA","R",1.512425
"110th","Webb","Jim","VA","D",0.489339
"110th","Whitehouse","Sheldon","RI","D",-0.80056
"110th","Wicker","Roger","MS","R",-0.96495
"110th","Wyden","Ron","OR","D",0.78914
"109th","Chafee","Lincoln","RI","R",2.60232
"109th","Smith","Gordon","OR","R",2.122527
"109th","Collins","Susan","ME","R",1.949349
"109th","Snowe","Olympia","ME","R",1.700494
"109th","Cochran","Thad","MS","R",1.553067
"109th","Lugar","Richard","IN","R",1.51523
"109th","Grassley","Chuck","IA","R",1.427198
"109th","Gregg","Judd","NH","R",1.278922
"109th","Domenici","Pete","NM","R",1.23841
"109th","Coleman","Norm","MN","R",1.194602
"109th","DeWine","Mike","OH","R",1.036291
"109th","Conrad","Kent","ND","D",0.998569
"109th","Nelson","Ben","NE","D",0.914723
"109th","Bingaman","Jeff","NM","D",0.883913
"109th","Hatch","Orrin","UT","R",0.864398
"109th","Sununu","John","NH","R",0.803837
"109th","McCain","John","AZ","R",0.738979
"109th","Hagel","Chuck","NE","R",0.732314
"109th","Specter","Arlen","PA","R",0.698379
"109th","Enzi","Mike","WY","R",0.657524
"109th","Johnson","Tim","SD","D",0.641847
"109th","Ensign","John","NV","R",0.604102
"109th","Baucus","Max","MT","D",0.573201
"109th","Carper","Tom","DE","D",0.452357
"109th","Allard","Wayne","CO","R",0.437609
"109th","Warner","John","VA","R",0.417434
"109th","Lincoln","Blanche","AR","D",0.406975
"109th","Reed","Jack","RI","D",0.404531
"109th","Stevens","Ted","AK","R",0.402821
"109th","Nelson","Bill","FL","D",0.394641
"109th","Lieberman","Joe","CT","D",0.390794
"109th","Bond","Kit","MO","R",0.308877
"109th","Thune","John","SD","R",0.306375
"109th","Wyden","Ron","OR","D",0.289972
"109th","Dorgan","Byron","ND","D",0.27014
"109th","Voinovich","George","OH","R",0.259029
"109th","Sarbanes","Paul","MD","D",0.24718
"109th","Thomas","Craig","WY","R",0.240569
"109th","Landrieu","Mary","LA","D",0.228736
"109th","Roberts","Pat","KS","R",0.223522
"109th","Byrd","Robert","WV","D",0.222432
"109th","Biden","Joe","DE","D",0.183968
"109th","Santorum","Rick","PA","R",0.1304
"109th","Craig","Larry","ID","R",0.117916
"109th","Lott","Trent","MS","R",0.103193
"109th","Mikulski","Barbara","MD","D",0.084989
"109th","Dodd","Chris","CT","D",0.074502
"109th","Harkin","Tom","IA","D",0.060547
"109th","Salazar","Ken","CO","D",0.046976
"109th","Martinez","Mel","FL","R",0.023966
"109th","Bayh","Evan","IN","D",-0.00264
"109th","Burns","Conrad","MT","R",-0.01426
"109th","Allen","George","VA","R",-0.05458
"109th","Graham","Lindsey","SC","R",-0.05973
"109th","Bunning","Jim","KY","R",-0.08185
"109th","Feinstein","Dianne","CA","D",-0.08543
"109th","Hutchison","Kay","TX","R",-0.09006
"109th","Pryor","Mark","AR","D",-0.1097
"109th","Alexander","Lamar","TN","R",-0.1165
"109th","Bennett","Bob","UT","R",-0.12631
"109th","Jeffords","Jim","VT","D",-0.15161
"109th","Talent","Jim","MO","R",-0.20461
"109th","Inouye","Daniel","HI","D",-0.21387
"109th","Brownback","Sam","KS","R",-0.23342
"109th","McConnell","Mitch","KY","R",-0.31395
"109th","Rockefeller","Jay","WV","D",-0.34245
"109th","Crapo","Mike","ID","R",-0.34679
"109th","Kyl","Jon","AZ","R",-0.39021
"109th","Coburn","Tom","OK","R",-0.39402
"109th","Kohl","Herb","WI","D",-0.40821
"109th","Murkowski","Lisa","AK","R",-0.44399
"109th","Obama","Barack","IL","D",-0.45116
"109th","Cornyn","John","TX","R",-0.45387
"109th","Sessions","Jeff","AL","R",-0.46175
"109th","Akaka","Daniel","HI","D",-0.47411
"109th","Levin","Carl","MI","D",-0.47462
"109th","Leahy","Patrick","VT","D",-0.50132
"109th","Durbin","Dick","IL","D",-0.50202
"109th","Vitter","David","LA","R",-0.50769
"109th","Stabenow","Debbie","MI","D",-0.53814
"109th","Feingold","Russ","WI","D",-0.55585
"109th","Clinton","Hillary","NY","D",-0.59329
"109th","Murray","Patty","WA","D",-0.61385
"109th","Schumer","Chuck","NY","D",-0.64662
"109th","Kerry","John","MA","D",-0.64776
"109th","Cantwell","Maria","WA","D",-0.7269
"109th","Corzine","Jon","NJ","D",-0.73586
"109th","Dayton","Mark","MN","D",-0.75753
"109th","Isakson","Johnny","GA","R",-0.76333
"109th","Dole","Elizabeth","NC","R",-0.78595
"109th","Kennedy","Ted","MA","D",-0.80191
"109th","Inhofe","Jim","OK","R",-0.86018
"109th","Lautenberg","Frank","NJ","D",-0.88371
"109th","Boxer","Barbara","CA","D",-1.02364
"109th","Burr","Richard","NC","R",-1.06752
"109th","Chambliss","Saxby","GA","R",-1.15204
"109th","Menéndez","Bob","NJ","D",-1.25438
"109th","DeMint","Jim","SC","R",-1.44313
"109th","Shelby","Richard","AL","R",-1.488
"109th","Akaka","Daniel","HI","D",-0.47411
"109th","Alexander","Lamar","TN","R",-0.1165
"109th","Allard","Wayne","CO","R",0.437609
"109th","Allen","George","VA","R",-0.05458
"109th","Baucus","Max","MT","D",0.573201
"109th","Bayh","Evan","IN","D",-0.00264
"109th","Bennett","Bob","UT","R",-0.12631
"109th","Biden","Joe","DE","D",0.183968
"109th","Bingaman","Jeff","NM","D",0.883913
"109th","Bond","Kit","MO","R",0.308877
"109th","Boxer","Barbara","CA","D",-1.02364
"109th","Brownback","Sam","KS","R",-0.23342
"109th","Bunning","Jim","KY","R",-0.08185
"109th","Burns","Conrad","MT","R",-0.01426
"109th","Burr","Richard","NC","R",-1.06752
"109th","Byrd","Robert","WV","D",0.222432
"109th","Cantwell","Maria","WA","D",-0.7269
"109th","Carper","Tom","DE","D",0.452357
"109th","Chafee","Lincoln","RI","R",2.60232
"109th","Chambliss","Saxby","GA","R",-1.15204
"109th","Clinton","Hillary","NY","D",-0.59329
"109th","Coburn","Tom","OK","R",-0.39402
"109th","Cochran","Thad","MS","R",1.553067
"109th","Coleman","Norm","MN","R",1.194602
"109th","Collins","Susan","ME","R",1.949349
"109th","Conrad","Kent","ND","D",0.998569
"109th","Cornyn","John","TX","R",-0.45387
"109th","Corzine","Jon","NJ","D",-0.73586
"109th","Craig","Larry","ID","R",0.117916
"109th","Crapo","Mike","ID","R",-0.34679
"109th","Dayton","Mark","MN","D",-0.75753
"109th","DeMint","Jim","SC","R",-1.44313
"109th","DeWine","Mike","OH","R",1.036291
"109th","Dodd","Chris","CT","D",0.074502
"109th","Dole","Elizabeth","NC","R",-0.78595
"109th","Domenici","Pete","NM","R",1.23841
"109th","Dorgan","Byron","ND","D",0.27014
"109th","Durbin","Dick","IL","D",-0.50202
"109th","Ensign","John","NV","R",0.604102
"109th","Enzi","Mike","WY","R",0.657524
"109th","Feingold","Russ","WI","D",-0.55585
"109th","Feinstein","Dianne","CA","D",-0.08543
"109th","Graham","Lindsey","SC","R",-0.05973
"109th","Grassley","Chuck","IA","R",1.427198
"109th","Gregg","Judd","NH","R",1.278922
"109th","Hagel","Chuck","NE","R",0.732314
"109th","Harkin","Tom","IA","D",0.060547
"109th","Hatch","Orrin","UT","R",0.864398
"109th","Hutchison","Kay","TX","R",-0.09006
"109th","Inhofe","Jim","OK","R",-0.86018
"109th","Inouye","Daniel","HI","D",-0.21387
"109th","Isakson","Johnny","GA","R",-0.76333
"109th","Jeffords","Jim","VT","D",-0.15161
"109th","Johnson","Tim","SD","D",0.641847
"109th","Kennedy","Ted","MA","D",-0.80191
"109th","Kerry","John","MA","D",-0.64776
"109th","Kohl","Herb","WI","D",-0.40821
"109th","Kyl","Jon","AZ","R",-0.39021
"109th","Landrieu","Mary","LA","D",0.228736
"109th","Lautenberg","Frank","NJ","D",-0.88371
"109th","Leahy","Patrick","VT","D",-0.50132
"109th","Levin","Carl","MI","D",-0.47462
"109th","Lieberman","Joe","CT","D",0.390794
"109th","Lincoln","Blanche","AR","D",0.406975
"109th","Lott","Trent","MS","R",0.103193
"109th","Lugar","Richard","IN","R",1.51523
"109th","Martinez","Mel","FL","R",0.023966
"109th","McCain","John","AZ","R",0.738979
"109th","McConnell","Mitch","KY","R",-0.31395
"109th","Menéndez","Bob","NJ","D",-1.25438
"109th","Mikulski","Barbara","MD","D",0.084989
"109th","Murkowski","Lisa","AK","R",-0.44399
"109th","Murray","Patty","WA","D",-0.61385
"109th","Nelson","Ben","NE","D",0.914723
"109th","Nelson","Bill","FL","D",0.394641
"109th","Obama","Barack","IL","D",-0.45116
"109th","Pryor","Mark","AR","D",-0.1097
"109th","Reed","Jack","RI","D",0.404531
"109th","Roberts","Pat","KS","R",0.223522
"109th","Rockefeller","Jay","WV","D",-0.34245
"109th","Salazar","Ken","CO","D",0.046976
"109th","Santorum","Rick","PA","R",0.1304
"109th","Sarbanes","Paul","MD","D",0.24718
"109th","Schumer","Chuck","NY","D",-0.64662
"109th","Sessions","Jeff","AL","R",-0.46175
"109th","Shelby","Richard","AL","R",-1.488
"109th","Smith","Gordon","OR","R",2.122527
"109th","Snowe","Olympia","ME","R",1.700494
"109th","Specter","Arlen","PA","R",0.698379
"109th","Stabenow","Debbie","MI","D",-0.53814
"109th","Stevens","Ted","AK","R",0.402821
"109th","Sununu","John","NH","R",0.803837
"109th","Talent","Jim","MO","R",-0.20461
"109th","Thomas","Craig","WY","R",0.240569
"109th","Thune","John","SD","R",0.306375
"109th","Vitter","David","LA","R",-0.50769
"109th","Voinovich","George","OH","R",0.259029
"109th","Warner","John","VA","R",0.417434
"109th","Wyden","Ron","OR","D",0.289972
"108th","Collins","Susan","ME","R",2.352347
"108th","Chafee","Lincoln","RI","R",2.120901
"108th","Snowe","Olympia","ME","R",1.987207
"108th","Smith","Gordon","OR","R",1.890749
"108th","Grassley","Chuck","IA","R",1.768962
"108th","Hatch","Orrin","UT","R",1.732355
"108th","McCain","John","AZ","R",1.430356
"108th","Cochran","Thad","MS","R",1.386495
"108th","DeWine","Mike","OH","R",1.371873
"108th","Miller","Zell","GA","D",1.292962
"108th","Ensign","John","NV","R",1.25877
"108th","Specter","Arlen","PA","R",1.088606
"108th","Baucus","Max","MT","D",1.074115
"108th","Campbell","Ben","CO","R",0.993255
"108th","Domenici","Pete","NM","R",0.95962
"108th","Biden","Joe","DE","D",0.941125
"108th","Gregg","Judd","NH","R",0.848282
"108th","Alexander","Lamar","TN","R",0.773188
"108th","Brownback","Sam","KS","R",0.763519
"108th","Warner","John","VA","R",0.743242
"108th","Coleman","Norm","MN","R",0.726733
"108th","Lugar","Richard","IN","R",0.703997
"108th","Fitzgerald","Peter","IL","R",0.693371
"108th","Lincoln","Blanche","AR","D",0.687154
"108th","Craig","Larry","ID","R",0.633051
"108th","Hutchison","Kay","TX","R",0.629575
"108th","Enzi","Mike","WY","R",0.60464
"108th","Dorgan","Byron","ND","D",0.575187
"108th","McConnell","Mitch","KY","R",0.5424
"108th","Bond","Kit","MO","R",0.515223
"108th","Hagel","Chuck","NE","R",0.511432
"108th","Crapo","Mike","ID","R",0.505788
"108th","Conrad","Kent","ND","D",0.491429
"108th","Reid","Harry","NV","D",0.478152
"108th","Hollings","Ernest","SC","D",0.451528
"108th","Allen","George","VA","R",0.449882
"108th","Nelson","Ben","NE","D",0.445018
"108th","Bingaman","Jeff","NM","D",0.421823
"108th","Chambliss","Saxby","GA","R",0.407467
"108th","Dole","Elizabeth","NC","R",0.390461
"108th","Graham","Lindsey","SC","R",0.384826
"108th","Stevens","Ted","AK","R",0.37903
"108th","Shelby","Richard","AL","R",0.362295
"108th","Santorum","Rick","PA","R",0.341451
"108th","Burns","Conrad","MT","R",0.310753
"108th","Feinstein","Dianne","CA","D",0.253193
"108th","Breaux","John","LA","D",0.246572
"108th","Sununu","John","NH","R",0.236931
"108th","Leahy","Patrick","VT","D",0.223973
"108th","Harkin","Tom","IA","D",0.214446
"108th","Voinovich","George","OH","R",0.205656
"108th","Mikulski","Barbara","MD","D",0.176934
"108th","Roberts","Pat","KS","R",0.174163
"108th","Bunning","Jim","KY","R",0.168128
"108th","Lott","Trent","MS","R",0.150763
"108th","Sarbanes","Paul","MD","D",0.147101
"108th","Jeffords","Jim","VT","D",0.145458
"108th","Carper","Tom","DE","D",0.144729
"108th","Nickles","Don","OK","R",0.128758
"108th","Kohl","Herb","WI","D",0.125303
"108th","Wyden","Ron","OR","D",0.019573
"108th","Lieberman","Joe","CT","D",0.008762
"108th","Levin","Carl","MI","D",0.000814
"108th","Reed","Jack","RI","D",-0.01831
"108th","Dodd","Chris","CT","D",-0.0207
"108th","Sessions","Jeff","AL","R",-0.04495
"108th","Johnson","Tim","SD","D",-0.0549
"108th","Landrieu","Mary","LA","D",-0.07038
"108th","Byrd","Robert","WV","D",-0.1355
"108th","Inouye","Daniel","HI","D",-0.15629
"108th","Akaka","Daniel","HI","D",-0.18218
"108th","Graham","Bob","FL","D",-0.21935
"108th","Kyl","Jon","AZ","R",-0.24832
"108th","Murkowski","Lisa","AK","R",-0.26726
"108th","Durbin","Dick","IL","D",-0.2676
"108th","Kerry","John","MA","D",-0.27479
"108th","Cantwell","Maria","WA","D",-0.29993
"108th","Kennedy","Ted","MA","D",-0.30183
"108th","Bayh","Evan","IN","D",-0.30304
"108th","Allard","Wayne","CO","R",-0.30625
"108th","Murray","Patty","WA","D",-0.30915
"108th","Inhofe","Jim","OK","R",-0.31592
"108th","Rockefeller","Jay","WV","D",-0.31825
"108th","Feingold","Russ","WI","D",-0.34983
"108th","Thomas","Craig","WY","R",-0.36751
"108th","Talent","Jim","MO","R",-0.43086
"108th","Schumer","Chuck","NY","D",-0.50607
"108th","Clinton","Hillary","NY","D",-0.50614
"108th","Nelson","Bill","FL","D",-0.55979
"108th","Stabenow","Debbie","MI","D",-0.61577
"108th","Boxer","Barbara","CA","D",-0.63489
"108th","Dayton","Mark","MN","D",-0.69256
"108th","Cornyn","John","TX","R",-0.75691
"108th","Bennett","Bob","UT","R",-0.78527
"108th","Edwards","John","NC","D",-0.8893
"108th","Pryor","Mark","AR","D",-0.89928
"108th","Lautenberg","Frank","NJ","D",-0.96763
"108th","Corzine","Jon","NJ","D",-1.00325
"108th","Akaka","Daniel","HI","D",-0.18218
"108th","Alexander","Lamar","TN","R",0.773188
"108th","Allard","Wayne","CO","R",-0.30625
"108th","Allen","George","VA","R",0.449882
"108th","Baucus","Max","MT","D",1.074115
"108th","Bayh","Evan","IN","D",-0.30304
"108th","Bennett","Bob","UT","R",-0.78527
"108th","Biden","Joe","DE","D",0.941125
"108th","Bingaman","Jeff","NM","D",0.421823
"108th","Bond","Kit","MO","R",0.515223
"108th","Boxer","Barbara","CA","D",-0.63489
"108th","Breaux","John","LA","D",0.246572
"108th","Brownback","Sam","KS","R",0.763519
"108th","Bunning","Jim","KY","R",0.168128
"108th","Burns","Conrad","MT","R",0.310753
"108th","Byrd","Robert","WV","D",-0.1355
"108th","Campbell","Ben","CO","R",0.993255
"108th","Cantwell","Maria","WA","D",-0.29993
"108th","Carper","Tom","DE","D",0.144729
"108th","Chafee","Lincoln","RI","R",2.120901
"108th","Chambliss","Saxby","GA","R",0.407467
"108th","Clinton","Hillary","NY","D",-0.50614
"108th","Cochran","Thad","MS","R",1.386495
"108th","Coleman","Norm","MN","R",0.726733
"108th","Collins","Susan","ME","R",2.352347
"108th","Conrad","Kent","ND","D",0.491429
"108th","Cornyn","John","TX","R",-0.75691
"108th","Corzine","Jon","NJ","D",-1.00325
"108th","Craig","Larry","ID","R",0.633051
"108th","Crapo","Mike","ID","R",0.505788
"108th","Dayton","Mark","MN","D",-0.69256
"108th","DeWine","Mike","OH","R",1.371873
"108th","Dodd","Chris","CT","D",-0.0207
"108th","Dole","Elizabeth","NC","R",0.390461
"108th","Domenici","Pete","NM","R",0.95962
"108th","Dorgan","Byron","ND","D",0.575187
"108th","Durbin","Dick","IL","D",-0.2676
"108th","Edwards","John","NC","D",-0.8893
"108th","Ensign","John","NV","R",1.25877
"108th","Enzi","Mike","WY","R",0.60464
"108th","Feingold","Russ","WI","D",-0.34983
"108th","Feinstein","Dianne","CA","D",0.253193
"108th","Fitzgerald","Peter","IL","R",0.693371
"108th","Graham","Lindsey","SC","R",0.384826
"108th","Graham","Bob","FL","D",-0.21935
"108th","Grassley","Chuck","IA","R",1.768962
"108th","Gregg","Judd","NH","R",0.848282
"108th","Hagel","Chuck","NE","R",0.511432
"108th","Harkin","Tom","IA","D",0.214446
"108th","Hatch","Orrin","UT","R",1.732355
"108th","Hollings","Ernest","SC","D",0.451528
"108th","Hutchison","Kay","TX","R",0.629575
"108th","Inhofe","Jim","OK","R",-0.31592
"108th","Inouye","Daniel","HI","D",-0.15629
"108th","Jeffords","Jim","VT","D",0.145458
"108th","Johnson","Tim","SD","D",-0.0549
"108th","Kennedy","Ted","MA","D",-0.30183
"108th","Kerry","John","MA","D",-0.27479
"108th","Kohl","Herb","WI","D",0.125303
"108th","Kyl","Jon","AZ","R",-0.24832
"108th","Landrieu","Mary","LA","D",-0.07038
"108th","Lautenberg","Frank","NJ","D",-0.96763
"108th","Leahy","Patrick","VT","D",0.223973
"108th","Levin","Carl","MI","D",0.000814
"108th","Lieberman","Joe","CT","D",0.008762
"108th","Lincoln","Blanche","AR","D",0.687154
"108th","Lott","Trent","MS","R",0.150763
"108th","Lugar","Richard","IN","R",0.703997
"108th","McCain","John","AZ","R",1.430356
"108th","McConnell","Mitch","KY","R",0.5424
"108th","Mikulski","Barbara","MD","D",0.176934
"108th","Miller","Zell","GA","D",1.292962
"108th","Murkowski","Lisa","AK","R",-0.26726
"108th","Murray","Patty","WA","D",-0.30915
"108th","Nelson","Ben","NE","D",0.445018
"108th","Nelson","Bill","FL","D",-0.55979
"108th","Nickles","Don","OK","R",0.128758
"108th","Pryor","Mark","AR","D",-0.89928
"108th","Reed","Jack","RI","D",-0.01831
"108th","Reid","Harry","NV","D",0.478152
"108th","Roberts","Pat","KS","R",0.174163
"108th","Rockefeller","Jay","WV","D",-0.31825
"108th","Santorum","Rick","PA","R",0.341451
"108th","Sarbanes","Paul","MD","D",0.147101
"108th","Schumer","Chuck","NY","D",-0.50607
"108th","Sessions","Jeff","AL","R",-0.04495
"108th","Shelby","Richard","AL","R",0.362295
"108th","Smith","Gordon","OR","R",1.890749
"108th","Snowe","Olympia","ME","R",1.987207
"108th","Specter","Arlen","PA","R",1.088606
"108th","Stabenow","Debbie","MI","D",-0.61577
"108th","Stevens","Ted","AK","R",0.37903
"108th","Sununu","John","NH","R",0.236931
"108th","Talent","Jim","MO","R",-0.43086
"108th","Thomas","Craig","WY","R",-0.36751
"108th","Voinovich","George","OH","R",0.205656
"108th","Warner","John","VA","R",0.743242
"108th","Wyden","Ron","OR","D",0.019573
"107th","Chafee","Lincoln","RI","R",2.160978
"107th","Hollings","Ernest","SC","D",1.659715
"107th","Miller","Zell","GA","D",1.483409
"107th","Biden","Joe","DE","D",1.459048
"107th","Conrad","Kent","ND","D",1.439781
"107th","Jeffords","Jim","VT","D",1.43013
"107th","Collins","Susan","ME","R",1.383572
"107th","Bingaman","Jeff","NM","D",1.301607
"107th","Reid","Harry","NV","D",1.245897
"107th","Breaux","John","LA","D",1.242909
"107th","Lieberman","Joe","CT","D",1.230445
"107th","Grassley","Chuck","IA","R",1.217369
"107th","Wyden","Ron","OR","D",1.190127
"107th","Lincoln","Blanche","AR","D",1.187016
"107th","Baucus","Max","MT","D",1.141948
"107th","Snowe","Olympia","ME","R",1.097142
"107th","Dorgan","Byron","ND","D",1.041013
"107th","Bayh","Evan","IN","D",1.028453
"107th","McCain","John","AZ","R",1.011645
"107th","Specter","Arlen","PA","R",1.010202
"107th","Harkin","Tom","IA","D",1.008683
"107th","Kerry","John","MA","D",0.991128
"107th","Reed","Jack","RI","D",0.984637
"107th","Leahy","Patrick","VT","D",0.849692
"107th","Feinstein","Dianne","CA","D",0.845501
"107th","Fitzgerald","Peter","IL","R",0.84134
"107th","Hatch","Orrin","UT","R",0.815271
"107th","Mikulski","Barbara","MD","D",0.802624
"107th","Hutchison","Kay","TX","R",0.790041
"107th","Graham","Bob","FL","D",0.782752
"107th","Johnson","Tim","SD","D",0.742939
"107th","Kennedy","Ted","MA","D",0.742191
"107th","Smith","Gordon","OR","R",0.714327
"107th","Frist","Bill","TN","R",0.712096
"107th","Dodd","Chris","CT","D",0.616512
"107th","DeWine","Mike","OH","R",0.564141
"107th","Cleland","Max","GA","D",0.534603
"107th","Domenici","Pete","NM","R",0.527382
"107th","Feingold","Russ","WI","D",0.519288
"107th","Hagel","Chuck","NE","R",0.509439
"107th","Cochran","Thad","MS","R",0.504694
"107th","Thurmond","Strom","SC","R",0.504136
"107th","Stabenow","Debbie","MI","D",0.484285
"107th","Durbin","Dick","IL","D",0.46885
"107th","Landrieu","Mary","LA","D",0.467138
"107th","Sarbanes","Paul","MD","D",0.447667
"107th","Cantwell","Maria","WA","D",0.432581
"107th","Kohl","Herb","WI","D",0.377202
"107th","Brownback","Sam","KS","R",0.364841
"107th","Bond","Kit","MO","R",0.321025
"107th","Carnahan","Jean","MO","D",0.320078
"107th","Campbell","Ben","CO","R",0.264355
"107th","Thompson","Fred","TN","R",0.24233
"107th","Dayton","Mark","MN","D",0.230325
"107th","Rockefeller","Jay","WV","D",0.230108
"107th","Carper","Tom","DE","D",0.228417
"107th","Schumer","Chuck","NY","D",0.227848
"107th","Murray","Patty","WA","D",0.200398
"107th","Ensign","John","NV","R",0.199326
"107th","McConnell","Mitch","KY","R",0.193876
"107th","Akaka","Daniel","HI","D",0.182421
"107th","Lugar","Richard","IN","R",0.162468
"107th","Inouye","Daniel","HI","D",0.144611
"107th","Edwards","John","NC","D",0.125868
"107th","Craig","Larry","ID","R",0.118445
"107th","Warner","John","VA","R",0.073122
"107th","Torricelli","Robert","NJ","D",0.070483
"107th","Nelson","Bill","FL","D",0.050455
"107th","Boxer","Barbara","CA","D",0.036402
"107th","Byrd","Robert","WV","D",0.027755
"107th","Levin","Carl","MI","D",-0.00086
"107th","Voinovich","George","OH","R",-0.02814
"107th","Gregg","Judd","NH","R",-0.07516
"107th","Kyl","Jon","AZ","R",-0.08428
"107th","Stevens","Ted","AK","R",-0.11454
"107th","Nelson","Ben","NE","D",-0.13706
"107th","Crapo","Mike","ID","R",-0.14199
"107th","Corzine","Jon","NJ","D",-0.15552
"107th","Burns","Conrad","MT","R",-0.16352
"107th","Sessions","Jeff","AL","R",-0.16671
"107th","Clinton","Hillary","NY","D",-0.18726
"107th","Santorum","Rick","PA","R",-0.23277
"107th","Allen","George","VA","R",-0.32047
"107th","Thomas","Craig","WY","R",-0.32943
"107th","Wellstone","Paul","MN","D",-0.33478
"107th","Hutchinson","Tim","AR","R",-0.34461
"107th","Allard","Wayne","CO","R",-0.37322
"107th","Nickles","Don","OK","R",-0.52556
"107th","Murkowski","Frank","AK","R",-0.56112
"107th","Smith","Bob","NH","R",-0.57485
"107th","Enzi","Mike","WY","R",-0.57806
"107th","Gramm","Phil","TX","R",-0.65647
"107th","Inhofe","Jim","OK","R",-0.66946
"107th","Shelby","Richard","AL","R",-0.67662
"107th","Roberts","Pat","KS","R",-0.70803
"107th","Bunning","Jim","KY","R",-0.75771
"107th","Bennett","Bob","UT","R",-0.7764
"107th","Helms","Jesse","NC","R",-0.96312
"107th","Akaka","Daniel","HI","D",0.182421
"107th","Allard","Wayne","CO","R",-0.37322
"107th","Allen","George","VA","R",-0.32047
"107th","Baucus","Max","MT","D",1.141948
"107th","Bayh","Evan","IN","D",1.028453
"107th","Bennett","Bob","UT","R",-0.7764
"107th","Biden","Joe","DE","D",1.459048
"107th","Bingaman","Jeff","NM","D",1.301607
"107th","Bond","Kit","MO","R",0.321025
"107th","Boxer","Barbara","CA","D",0.036402
"107th","Breaux","John","LA","D",1.242909
"107th","Brownback","Sam","KS","R",0.364841
"107th","Bunning","Jim","KY","R",-0.75771
"107th","Burns","Conrad","MT","R",-0.16352
"107th","Byrd","Robert","WV","D",0.027755
"107th","Campbell","Ben","CO","R",0.264355
"107th","Cantwell","Maria","WA","D",0.432581
"107th","Carnahan","Jean","MO","D",0.320078
"107th","Carper","Tom","DE","D",0.228417
"107th","Chafee","Lincoln","RI","R",2.160978
"107th","Cleland","Max","GA","D",0.534603
"107th","Clinton","Hillary","NY","D",-0.18726
"107th","Cochran","Thad","MS","R",0.504694
"107th","Collins","Susan","ME","R",1.383572
"107th","Conrad","Kent","ND","D",1.439781
"107th","Corzine","Jon","NJ","D",-0.15552
"107th","Craig","Larry","ID","R",0.118445
"107th","Crapo","Mike","ID","R",-0.14199
"107th","Dayton","Mark","MN","D",0.230325
"107th","DeWine","Mike","OH","R",0.564141
"107th","Dodd","Chris","CT","D",0.616512
"107th","Domenici","Pete","NM","R",0.527382
"107th","Dorgan","Byron","ND","D",1.041013
"107th","Durbin","Dick","IL","D",0.46885
"107th","Edwards","John","NC","D",0.125868
"107th","Ensign","John","NV","R",0.199326
"107th","Enzi","Mike","WY","R",-0.57806
"107th","Feingold","Russ","WI","D",0.519288
"107th","Feinstein","Dianne","CA","D",0.845501
"107th","Fitzgerald","Peter","IL","R",0.84134
"107th","Frist","Bill","TN","R",0.712096
"107th","Graham","Bob","FL","D",0.782752
"107th","Gramm","Phil","TX","R",-0.65647
"107th","Grassley","Chuck","IA","R",1.217369
"107th","Gregg","Judd","NH","R",-0.07516
"107th","Hagel","Chuck","NE","R",0.509439
"107th","Harkin","Tom","IA","D",1.008683
"107th","Hatch","Orrin","UT","R",0.815271
"107th","Helms","Jesse","NC","R",-0.96312
"107th","Hollings","Ernest","SC","D",1.659715
"107th","Hutchinson","Tim","AR","R",-0.34461
"107th","Hutchison","Kay","TX","R",0.790041
"107th","Inhofe","Jim","OK","R",-0.66946
"107th","Inouye","Daniel","HI","D",0.144611
"107th","Jeffords","Jim","VT","D",1.43013
"107th","Johnson","Tim","SD","D",0.742939
"107th","Kennedy","Ted","MA","D",0.742191
"107th","Kerry","John","MA","D",0.991128
"107th","Kohl","Herb","WI","D",0.377202
"107th","Kyl","Jon","AZ","R",-0.08428
"107th","Landrieu","Mary","LA","D",0.467138
"107th","Leahy","Patrick","VT","D",0.849692
"107th","Levin","Carl","MI","D",-0.00086
"107th","Lieberman","Joe","CT","D",1.230445
"107th","Lincoln","Blanche","AR","D",1.187016
"107th","Lugar","Richard","IN","R",0.162468
"107th","McCain","John","AZ","R",1.011645
"107th","McConnell","Mitch","KY","R",0.193876
"107th","Mikulski","Barbara","MD","D",0.802624
"107th","Miller","Zell","GA","D",1.483409
"107th","Murkowski","Frank","AK","R",-0.56112
"107th","Murray","Patty","WA","D",0.200398
"107th","Nelson","Bill","FL","D",0.050455
"107th","Nelson","Ben","NE","D",-0.13706
"107th","Nickles","Don","OK","R",-0.52556
"107th","Reed","Jack","RI","D",0.984637
"107th","Reid","Harry","NV","D",1.245897
"107th","Roberts","Pat","KS","R",-0.70803
"107th","Rockefeller","Jay","WV","D",0.230108
"107th","Santorum","Rick","PA","R",-0.23277
"107th","Sarbanes","Paul","MD","D",0.447667
"107th","Schumer","Chuck","NY","D",0.227848
"107th","Sessions","Jeff","AL","R",-0.16671
"107th","Shelby","Richard","AL","R",-0.67662
"107th","Smith","Gordon","OR","R",0.714327
"107th","Smith","Bob","NH","R",-0.57485
"107th","Snowe","Olympia","ME","R",1.097142
"107th","Specter","Arlen","PA","R",1.010202
"107th","Stabenow","Debbie","MI","D",0.484285
"107th","Stevens","Ted","AK","R",-0.11454
"107th","Thomas","Craig","WY","R",-0.32943
"107th","Thompson","Fred","TN","R",0.24233
"107th","Thurmond","Strom","SC","R",0.504136
"107th","Torricelli","Robert","NJ","D",0.070483
"107th","Voinovich","George","OH","R",-0.02814
"107th","Warner","John","VA","R",0.073122
"107th","Wellstone","Paul","MN","D",-0.33478
"107th","Wyden","Ron","OR","D",1.190127
"106th","Chafee","Lincoln","RI","R",2.007453
"106th","Jeffords","Jim","VT","R",1.847109
"106th","Lieberman","Joe","CT","D",1.519795
"106th","Grassley","Chuck","IA","R",1.22341
"106th","Graham","Bob","FL","D",1.220357
"106th","Robb","Chuck","VA","D",1.060063
"106th","Breaux","John","LA","D",0.959556
"106th","Wyden","Ron","OR","D",0.937426
"106th","DeWine","Mike","OH","R",0.888622
"106th","Conrad","Kent","ND","D",0.85724
"106th","Collins","Susan","ME","R",0.836519
"106th","Edwards","John","NC","D",0.816945
"106th","Hollings","Ernest","SC","D",0.80663
"106th","Hatch","Orrin","UT","R",0.77272
"106th","Landrieu","Mary","LA","D",0.772288
"106th","Rockefeller","Jay","WV","D",0.75556
"106th","Mack","Connie","FL","R",0.747973
"106th","Johnson","Tim","SD","D",0.742597
"106th","Leahy","Patrick","VT","D",0.738886
"106th","Biden","Joe","DE","D",0.687617
"106th","Snowe","Olympia","ME","R",0.659898
"106th","Specter","Arlen","PA","R",0.658396
"106th","Kohl","Herb","WI","D",0.645793
"106th","Baucus","Max","MT","D",0.636193
"106th","Hagel","Chuck","NE","R",0.609725
"106th","Reed","Jack","RI","D",0.586177
"106th","Bingaman","Jeff","NM","D",0.568855
"106th","Cleland","Max","GA","D",0.561522
"106th","Abraham","Spencer","MI","R",0.55798
"106th","Akaka","Daniel","HI","D",0.555098
"106th","Dorgan","Byron","ND","D",0.547766
"106th","Smith","Gordon","OR","R",0.539191
"106th","Fitzgerald","Peter","IL","R",0.536313
"106th","Levin","Carl","MI","D",0.532814
"106th","Lincoln","Blanche","AR","D",0.522533
"106th","Frist","Bill","TN","R",0.478239
"106th","Sarbanes","Paul","MD","D",0.475616
"106th","Kerry","John","MA","D",0.421564
"106th","Lugar","Richard","IN","R",0.412026
"106th","Campbell","Ben","CO","R",0.401675
"106th","Kerrey","Bob","NE","D",0.389448
"106th","McCain","John","AZ","R",0.371956
"106th","Mikulski","Barbara","MD","D",0.364808
"106th","Brownback","Sam","KS","R",0.325459
"106th","Bayh","Evan","IN","D",0.322941
"106th","Roberts","Pat","KS","R",0.320201
"106th","Roth","Bill","DE","R",0.312333
"106th","Kennedy","Ted","MA","D",0.306207
"106th","Stevens","Ted","AK","R",0.295238
"106th","Moynihan","Pat","NY","D",0.27462
"106th","Burns","Conrad","MT","R",0.269896
"106th","Feinstein","Dianne","CA","D",0.263205
"106th","Cochran","Thad","MS","R",0.244938
"106th","Warner","John","VA","R",0.24025
"106th","Gorton","Slade","WA","R",0.234384
"106th","Bryan","Richard","NV","D",0.210282
"106th","Hutchison","Kay","TX","R",0.194567
"106th","Feingold","Russ","WI","D",0.193082
"106th","Harkin","Tom","IA","D",0.178437
"106th","Santorum","Rick","PA","R",0.176711
"106th","Durbin","Dick","IL","D",0.152682
"106th","Bond","Kit","MO","R",0.147305
"106th","Dodd","Chris","CT","D",0.142755
"106th","Murray","Patty","WA","D",0.133964
"106th","Hutchinson","Tim","AR","R",0.1254
"106th","Byrd","Robert","WV","D",0.102931
"106th","Murkowski","Frank","AK","R",0.097501
"106th","Voinovich","George","OH","R",0.071174
"106th","Domenici","Pete","NM","R",0.051453
"106th","Torricelli","Robert","NJ","D",0.022646
"106th","Sessions","Jeff","AL","R",0.011957
"106th","Schumer","Chuck","NY","D",-0.01619
"106th","Smith","Bob","NH","R",-0.01692
"106th","Inouye","Daniel","HI","D",-0.07182
"106th","Ashcroft","John","MO","R",-0.07922
"106th","Reid","Harry","NV","D",-0.08985
"106th","Lautenberg","Frank","NJ","D",-0.09662
"106th","Nickles","Don","OK","R",-0.09665
"106th","McConnell","Mitch","KY","R",-0.16384
"106th","Craig","Larry","ID","R",-0.17599
"106th","Gregg","Judd","NH","R",-0.18177
"106th","Grams","Rod","MN","R",-0.1949
"106th","Coverdell","Paul","GA","R",-0.23603
"106th","Thompson","Fred","TN","R",-0.2527
"106th","Wellstone","Paul","MN","D",-0.25575
"106th","Boxer","Barbara","CA","D",-0.31439
"106th","Inhofe","Jim","OK","R",-0.36999
"106th","Bennett","Bob","UT","R",-0.42861
"106th","Crapo","Mike","ID","R",-0.47263
"106th","Thurmond","Strom","SC","R",-0.49586
"106th","Shelby","Richard","AL","R",-0.59038
"106th","Allard","Wayne","CO","R",-0.62196
"106th","Helms","Jesse","NC","R",-0.65296
"106th","Thomas","Craig","WY","R",-0.66941
"106th","Bunning","Jim","KY","R",-0.7554
"106th","Gramm","Phil","TX","R",-0.76253
"106th","Kyl","Jon","AZ","R",-0.80194
"106th","Enzi","Michael","WY","R",-0.91669
"106th","Abraham","Spencer","MI","R",0.55798
"106th","Akaka","Daniel","HI","D",0.555098
"106th","Allard","Wayne","CO","R",-0.62196
"106th","Ashcroft","John","MO","R",-0.07922
"106th","Baucus","Max","MT","D",0.636193
"106th","Bayh","Evan","IN","D",0.322941
"106th","Bennett","Bob","UT","R",-0.42861
"106th","Biden","Joe","DE","D",0.687617
"106th","Bingaman","Jeff","NM","D",0.568855
"106th","Bond","Kit","MO","R",0.147305
"106th","Boxer","Barbara","CA","D",-0.31439
"106th","Breaux","John","LA","D",0.959556
"106th","Brownback","Sam","KS","R",0.325459
"106th","Bryan","Richard","NV","D",0.210282
"106th","Bunning","Jim","KY","R",-0.7554
"106th","Burns","Conrad","MT","R",0.269896
"106th","Byrd","Robert","WV","D",0.102931
"106th","Campbell","Ben","CO","R",0.401675
"106th","Chafee","Lincoln","RI","R",2.007453
"106th","Cleland","Max","GA","D",0.561522
"106th","Cochran","Thad","MS","R",0.244938
"106th","Collins","Susan","ME","R",0.836519
"106th","Conrad","Kent","ND","D",0.85724
"106th","Coverdell","Paul","GA","R",-0.23603
"106th","Craig","Larry","ID","R",-0.17599
"106th","Crapo","Mike","ID","R",-0.47263
"106th","DeWine","Mike","OH","R",0.888622
"106th","Dodd","Chris","CT","D",0.142755
"106th","Domenici","Pete","NM","R",0.051453
"106th","Dorgan","Byron","ND","D",0.547766
"106th","Durbin","Dick","IL","D",0.152682
"106th","Edwards","John","NC","D",0.816945
"106th","Enzi","Michael","WY","R",-0.91669
"106th","Feingold","Russ","WI","D",0.193082
"106th","Feinstein","Dianne","CA","D",0.263205
"106th","Fitzgerald","Peter","IL","R",0.536313
"106th","Frist","Bill","TN","R",0.478239
"106th","Gorton","Slade","WA","R",0.234384
"106th","Graham","Bob","FL","D",1.220357
"106th","Gramm","Phil","TX","R",-0.76253
"106th","Grams","Rod","MN","R",-0.1949
"106th","Grassley","Chuck","IA","R",1.22341
"106th","Gregg","Judd","NH","R",-0.18177
"106th","Hagel","Chuck","NE","R",0.609725
"106th","Harkin","Tom","IA","D",0.178437
"106th","Hatch","Orrin","UT","R",0.77272
"106th","Helms","Jesse","NC","R",-0.65296
"106th","Hollings","Ernest","SC","D",0.80663
"106th","Hutchinson","Tim","AR","R",0.1254
"106th","Hutchison","Kay","TX","R",0.194567
"106th","Inhofe","Jim","OK","R",-0.36999
"106th","Inouye","Daniel","HI","D",-0.07182
"106th","Jeffords","Jim","VT","R",1.847109
"106th","Johnson","Tim","SD","D",0.742597
"106th","Kennedy","Ted","MA","D",0.306207
"106th","Kerrey","Bob","NE","D",0.389448
"106th","Kerry","John","MA","D",0.421564
"106th","Kohl","Herb","WI","D",0.645793
"106th","Kyl","Jon","AZ","R",-0.80194
"106th","Landrieu","Mary","LA","D",0.772288
"106th","Lautenberg","Frank","NJ","D",-0.09662
"106th","Leahy","Patrick","VT","D",0.738886
"106th","Levin","Carl","MI","D",0.532814
"106th","Lieberman","Joe","CT","D",1.519795
"106th","Lincoln","Blanche","AR","D",0.522533
"106th","Lugar","Richard","IN","R",0.412026
"106th","Mack","Connie","FL","R",0.747973
"106th","McCain","John","AZ","R",0.371956
"106th","McConnell","Mitch","KY","R",-0.16384
"106th","Mikulski","Barbara","MD","D",0.364808
"106th","Moynihan","Pat","NY","D",0.27462
"106th","Murkowski","Frank","AK","R",0.097501
"106th","Murray","Patty","WA","D",0.133964
"106th","Nickles","Don","OK","R",-0.09665
"106th","Reed","Jack","RI","D",0.586177
"106th","Reid","Harry","NV","D",-0.08985
"106th","Robb","Chuck","VA","D",1.060063
"106th","Roberts","Pat","KS","R",0.320201
"106th","Rockefeller","Jay","WV","D",0.75556
"106th","Roth","Bill","DE","R",0.312333
"106th","Santorum","Rick","PA","R",0.176711
"106th","Sarbanes","Paul","MD","D",0.475616
"106th","Schumer","Chuck","NY","D",-0.01619
"106th","Sessions","Jeff","AL","R",0.011957
"106th","Shelby","Richard","AL","R",-0.59038
"106th","Smith","Gordon","OR","R",0.539191
"106th","Smith","Bob","NH","R",-0.01692
"106th","Snowe","Olympia","ME","R",0.659898
"106th","Specter","Arlen","PA","R",0.658396
"106th","Stevens","Ted","AK","R",0.295238
"106th","Thomas","Craig","WY","R",-0.66941
"106th","Thompson","Fred","TN","R",-0.2527
"106th","Thurmond","Strom","SC","R",-0.49586
"106th","Torricelli","Robert","NJ","D",0.022646
"106th","Voinovich","George","OH","R",0.071174
"106th","Warner","John","VA","R",0.24025
"106th","Wellstone","Paul","MN","D",-0.25575
"106th","Wyden","Ron","OR","D",0.937426
"105th","Baucus","Max","MT","D",1.508111
"105th","Jeffords","Jim","VT","R",1.489298
"105th","Graham","Bob","FL","D",1.382607
"105th","Grassley","Chuck","IA","R",1.318237
"105th","Rockefeller","Jay","WV","D",1.31745
"105th","Chafee","John","RI","R",1.178853
"105th","D'Amato","Alfonse","NY","R",1.03031
"105th","Lieberman","Joe","CT","D",1.001284
"105th","Breaux","John","LA","D",0.960211
"105th","Snowe","Olympia","ME","R",0.89564
"105th","Wyden","Ron","OR","D",0.839009
"105th","Moynihan","Pat","NY","D",0.757475
"105th","Leahy","Patrick","VT","D",0.746717
"105th","Kohl","Herb","WI","D",0.655888
"105th","Ford","Wendell","KY","D",0.642862
"105th","Bingaman","Jeff","NM","D",0.62793
"105th","Mack","Connie","FL","R",0.625869
"105th","Kerrey","Bob","NE","D",0.592259
"105th","Cleland","Max","GA","D",0.51224
"105th","Durbin","Dick","IL","D",0.440885
"105th","Collins","Susan","ME","R",0.43791
"105th","Landrieu","Mary","LA","D",0.368083
"105th","Hollings","Ernest","SC","D",0.342684
"105th","Byrd","Robert","WV","D",0.329045
"105th","DeWine","Mike","OH","R",0.29847
"105th","Robb","Chuck","VA","D",0.296621
"105th","Bryan","Richard","NV","D",0.268497
"105th","Murray","Patty","WA","D",0.251851
"105th","Dodd","Chris","CT","D",0.221656
"105th","Sarbanes","Paul","MD","D",0.201402
"105th","Frist","Bill","TN","R",0.191967
"105th","Levin","Carl","MI","D",0.184106
"105th","Dorgan","Byron","ND","D",0.172073
"105th","Lugar","Richard","IN","R",0.172058
"105th","Smith","Gordon","NH","R",0.116317
"105th","Hatch","Orrin","UT","R",0.098485
"105th","Specter","Arlen","PA","R",0.085295
"105th","Moseley Braun","Carol","IL","D",0.039973
"105th","Domenici","Pete","NM","R",0.036322
"105th","McCain","John","AZ","R",0.009855
"105th","Warner","John","VA","R",0.009644
"105th","Abraham","Spencer","MI","R",0.001995
"105th","Conrad","Kent","ND","D",0.001778
"105th","Reed","Jack","RI","D",-0.02116
"105th","Roth","Bill","DE","R",-0.02861
"105th","Burns","Conrad","MT","R",-0.04357
"105th","Feinstein","Dianne","CA","D",-0.04557
"105th","Glenn","John","OH","D",-0.0876
"105th","Torricelli","Robert","NJ","D",-0.12598
"105th","Inhofe","Jim","OK","R",-0.15072
"105th","Gregg","Judd","NH","R",-0.15281
"105th","Akaka","Daniel","HI","D",-0.15487
"105th","Johnson","Tim","SD","D",-0.15497
"105th","Hagel","Chuck","NE","R",-0.15959
"105th","Mikulski","Barbara","MD","D",-0.16014
"105th","Coats","Dan","IN","R",-0.18014
"105th","Biden","Joe","DE","D",-0.18831
"105th","Bond","Kit","MO","R",-0.20063
"105th","McConnell","Mitch","KY","R",-0.25794
"105th","Campbell","Ben","CO","R",-0.28681
"105th","Gorton","Slade","WA","R",-0.29656
"105th","Cochran","Thad","MS","R",-0.30584
"105th","Kerry","John","MA","D",-0.34192
"105th","Craig","Larry","ID","R",-0.34232
"105th","Inouye","Daniel","HI","D",-0.34323
"105th","Harkin","Tom","IA","D",-0.36662
"105th","Grams","Rod","MI","R",-0.36721
"105th","Bumpers","Dale","AR","D",-0.4263
"105th","Feingold","Russ","WI","D",-0.43076
"105th","Reid","Harry","NV","D",-0.4331
"105th","Roberts","Pat","KS","R",-0.44254
"105th","Kennedy","Ted","MA","D",-0.46336
"105th","Nickles","Don","OK","R",-0.49086
"105th","Thomas","Craig","WY","R",-0.53896
"105th","Stevens","Ted","AK","R",-0.56777
"105th","Sessions","Jeff","AL","R",-0.5697
"105th","Gramm","Phil","TX","R",-0.61147
"105th","Coverdell","Paul","GA","R",-0.63379
"105th","Thompson","Fred","TN","R",-0.70895
"105th","Boxer","Barbara","CA","D",-0.71061
"105th","Thurmond","Strom","SC","R",-0.71431
"105th","Enzi","Mike","WY","R",-0.74073
"105th","Brownback","Sam","KS","R",-0.74768
"105th","Hutchison","Kay","TX","R",-0.77108
"105th","Wellstone","Paul","MN","D",-0.78141
"105th","Lautenberg","Frank","NJ","D",-0.78542
"105th","Murkowski","Frank","AK","R",-0.78893
"105th","Shelby","Richard","AL","R",-0.81804
"105th","Faircloth","Lauch","NC","R",-0.90428
"105th","Kyl","Jon","AZ","R",-0.95011
"105th","Santorum","Rick","PA","R",-0.97536
"105th","Bennett","Bob","UT","R",-1.00399
"105th","Ashcroft","John","MO","R",-1.04759
"105th","Smith","Bob","NH","R",-1.05469
"105th","Kempthorne","Dirk","ID","R",-1.0758
"105th","Hutchinson","Tim","AR","R",-1.10734
"105th","Helms","Jesse","NC","R",-1.17341
"105th","Allard","Wayne","CO","R",-1.19474
"105th","Abraham","Spencer","MI","R",0.001995
"105th","Akaka","Daniel","HI","D",-0.15487
"105th","Allard","Wayne","CO","R",-1.19474
"105th","Ashcroft","John","MO","R",-1.04759
"105th","Baucus","Max","MT","D",1.508111
"105th","Bennett","Bob","UT","R",-1.00399
"105th","Biden","Joe","DE","D",-0.18831
"105th","Bingaman","Jeff","NM","D",0.62793
"105th","Bond","Kit","MO","R",-0.20063
"105th","Boxer","Barbara","CA","D",-0.71061
"105th","Breaux","John","LA","D",0.960211
"105th","Brownback","Sam","KS","R",-0.74768
"105th","Bryan","Richard","NV","D",0.268497
"105th","Bumpers","Dale","AR","D",-0.4263
"105th","Burns","Conrad","MT","R",-0.04357
"105th","Byrd","Robert","WV","D",0.329045
"105th","Campbell","Ben","CO","R",-0.28681
"105th","Chafee","John","RI","R",1.178853
"105th","Cleland","Max","GA","D",0.51224
"105th","Coats","Dan","IN","R",-0.18014
"105th","Cochran","Thad","MS","R",-0.30584
"105th","Collins","Susan","ME","R",0.43791
"105th","Conrad","Kent","ND","D",0.001778
"105th","Coverdell","Paul","GA","R",-0.63379
"105th","Craig","Larry","ID","R",-0.34232
"105th","D'Amato","Alfonse","NY","R",1.03031
"105th","DeWine","Mike","OH","R",0.29847
"105th","Dodd","Chris","CT","D",0.221656
"105th","Domenici","Pete","NM","R",0.036322
"105th","Dorgan","Byron","ND","D",0.172073
"105th","Durbin","Dick","IL","D",0.440885
"105th","Enzi","Mike","WY","R",-0.74073
"105th","Faircloth","Lauch","NC","R",-0.90428
"105th","Feingold","Russ","WI","D",-0.43076
"105th","Feinstein","Dianne","CA","D",-0.04557
"105th","Ford","Wendell","KY","D",0.642862
"105th","Frist","Bill","TN","R",0.191967
"105th","Glenn","John","OH","D",-0.0876
"105th","Gorton","Slade","WA","R",-0.29656
"105th","Graham","Bob","FL","D",1.382607
"105th","Gramm","Phil","TX","R",-0.61147
"105th","Grams","Rod","MI","R",-0.36721
"105th","Grassley","Chuck","IA","R",1.318237
"105th","Gregg","Judd","NH","R",-0.15281
"105th","Hagel","Chuck","NE","R",-0.15959
"105th","Harkin","Tom","IA","D",-0.36662
"105th","Hatch","Orrin","UT","R",0.098485
"105th","Helms","Jesse","NC","R",-1.17341
"105th","Hollings","Ernest","SC","D",0.342684
"105th","Hutchinson","Tim","AR","R",-1.10734
"105th","Hutchison","Kay","TX","R",-0.77108
"105th","Inhofe","Jim","OK","R",-0.15072
"105th","Inouye","Daniel","HI","D",-0.34323
"105th","Jeffords","Jim","VT","R",1.489298
"105th","Johnson","Tim","SD","D",-0.15497
"105th","Kempthorne","Dirk","ID","R",-1.0758
"105th","Kennedy","Ted","MA","D",-0.46336
"105th","Kerrey","Bob","NE","D",0.592259
"105th","Kerry","John","MA","D",-0.34192
"105th","Kohl","Herb","WI","D",0.655888
"105th","Kyl","Jon","AZ","R",-0.95011
"105th","Landrieu","Mary","LA","D",0.368083
"105th","Lautenberg","Frank","NJ","D",-0.78542
"105th","Leahy","Patrick","VT","D",0.746717
"105th","Levin","Carl","MI","D",0.184106
"105th","Lieberman","Joe","CT","D",1.001284
"105th","Lugar","Richard","IN","R",0.172058
"105th","Mack","Connie","FL","R",0.625869
"105th","McCain","John","AZ","R",0.009855
"105th","McConnell","Mitch","KY","R",-0.25794
"105th","Mikulski","Barbara","MD","D",-0.16014
"105th","Moseley Braun","Carol","IL","D",0.039973
"105th","Moynihan","Pat","NY","D",0.757475
"105th","Murkowski","Frank","AK","R",-0.78893
"105th","Murray","Patty","WA","D",0.251851
"105th","Nickles","Don","OK","R",-0.49086
"105th","Reed","Jack","RI","D",-0.02116
"105th","Reid","Harry","NV","D",-0.4331
"105th","Robb","Chuck","VA","D",0.296621
"105th","Roberts","Pat","KS","R",-0.44254
"105th","Rockefeller","Jay","WV","D",1.31745
"105th","Roth","Bill","DE","R",-0.02861
"105th","Santorum","Rick","PA","R",-0.97536
"105th","Sarbanes","Paul","MD","D",0.201402
"105th","Sessions","Jeff","AL","R",-0.5697
"105th","Shelby","Richard","AL","R",-0.81804
"105th","Smith","Gordon","NH","R",0.116317
"105th","Smith","Bob","NH","R",-1.05469
"105th","Snowe","Olympia","ME","R",0.89564
"105th","Specter","Arlen","PA","R",0.085295
"105th","Stevens","Ted","AK","R",-0.56777
"105th","Thomas","Craig","WY","R",-0.53896
"105th","Thompson","Fred","TN","R",-0.70895
"105th","Thurmond","Strom","SC","R",-0.71431
"105th","Torricelli","Robert","NJ","D",-0.12598
"105th","Warner","John","VA","R",0.009644
"105th","Wellstone","Paul","MN","D",-0.78141
"105th","Wyden","Ron","OR","D",0.839009
"104th","Nunn","Sam","GA","D",1.626965
"104th","Heflin","Howell","AL","D",1.169758
"104th","Hatfield","Mark","OR","R",0.985525
"104th","Lieberman","Joe","CT","D",0.928733
"104th","Jeffords","Jim","VT","R",0.866506
"104th","Bingaman","Jeff","NM","D",0.815684
"104th","Chafee","John","RI","R",0.770633
"104th","Kerrey","Bob","NE","D",0.702346
"104th","Ford","Wendell","KY","D",0.689258
"104th","Feinstein","Dianne","CA","D",0.687457
"104th","Baucus","Max","MT","D",0.68726
"104th","Levin","Carl","MI","D",0.664833
"104th","Glenn","John","OH","D",0.655332
"104th","Pryor","David","AR","D",0.613642
"104th","D'Amato","Alfonse","NY","R",0.612412
"104th","Leahy","Patrick","VT","D",0.590512
"104th","Breaux","John","LA","D",0.568236
"104th","Reid","Harry","NV","D",0.561026
"104th","Grassley","Chuck","IA","R",0.540858
"104th","Campbell","Ben","CO","R",0.525175
"104th","Johnston","Bennett","LA","D",0.506696
"104th","Moynihan","Pat","NY","D",0.486979
"104th","Biden","Joe","DE","D",0.469646
"104th","Robb","Chuck","VA","D",0.417084
"104th","Graham","Bob","FL","D",0.385796
"104th","Domenici","Pete","NM","R",0.378467
"104th","Moseley Braun","Carol","IL","D",0.314083
"104th","Pressler","Larry","SD","R",0.294091
"104th","Lugar","Richard","IN","R",0.277143
"104th","Warner","John","VA","R",0.221422
"104th","Sarbanes","Paul","MD","D",0.215214
"104th","Bryan","Richard","NV","D",0.194764
"104th","Kassebaum","Nancy","KS","R",0.147008
"104th","Specter","Arlen","PA","R",0.138808
"104th","Kohl","Herb","WI","D",0.123777
"104th","Cohen","Bill","ME","R",0.122252
"104th","Conrad","Kent","ND","D",0.066816
"104th","Snowe","Olympia","ME","R",0.043675
"104th","Inouye","Daniel","HI","D",0.041458
"104th","Simon","Paul","IL","D",0.0288
"104th","Hollings","Ernest","SC","D",0.024871
"104th","Hatch","Orrin","UT","R",0.019319
"104th","McCain","John","AZ","R",-0.0316
"104th","Rockefeller","Jay","WV","D",-0.0479
"104th","Roth","Bill","DE","R",-0.06025
"104th","Gorton","Slade","WA","R",-0.14909
"104th","Dorgan","Byron","ND","D",-0.15665
"104th","Wyden","Ron","OR","D",-0.16293
"104th","Boxer","Barbara","CA","D",-0.18094
"104th","Bradley","Bill","NJ","D",-0.25213
"104th","Cochran","Thad","MS","R",-0.26127
"104th","Murray","Patty","WA","D",-0.2707
"104th","Mack","Connie","FL","R",-0.30286
"104th","Pell","Claiborne","RI","D",-0.32557
"104th","Lott","Trent","MS","R",-0.34048
"104th","Akaka","Daniel","HI","D",-0.35751
"104th","Stevens","Ted","AK","R",-0.4043
"104th","Harkin","Tom","IA","D",-0.41797
"104th","Feingold","Russ","WI","D",-0.42817
"104th","Shelby","Richard","AL","R",-0.44257
"104th","Inhofe","Jim","OK","R",-0.46491
"104th","DeWine","Mike","OH","R",-0.47161
"104th","Burns","Conrad","MT","R",-0.47365
"104th","Hutchison","Kay","TX","R",-0.47682
"104th","Frist","Bill","TN","R",-0.47902
"104th","Bumpers","Dale","AR","D",-0.51715
"104th","Mikulski","Barbara","MD","D",-0.52523
"104th","Craig","Larry","ID","R",-0.5646
"104th","McConnell","Mitch","KY","R",-0.57249
"104th","Bond","Kit","MO","R",-0.58911
"104th","Dodd","Chris","CT","D",-0.61943
"104th","Kennedy","Ted","MA","D",-0.61944
"104th","Simpson","Alan","WY","R",-0.63461
"104th","Murkowski","Frank","AK","R",-0.64743
"104th","Smith","Bob","NH","R",-0.65457
"104th","Exon","Jim","NE","D",-0.67148
"104th","Kerry","John","MA","D",-0.67382
"104th","Abraham","Spencer","MI","R",-0.7071
"104th","Brown","Hank","CO","R",-0.76115
"104th","Bennett","Bob","UT","R",-0.789
"104th","Faircloth","Lauch","NC","R",-0.83032
"104th","Grams","Rod","MN","R",-0.85144
"104th","Kempthorne","Dirk","ID","R",-0.85697
"104th","Wellstone","Paul","MN","D",-0.86298
"104th","Gregg","Judd","NH","R",-0.88842
"104th","Thurmond","Strom","SC","R",-0.8903
"104th","Lautenberg","Frank","NJ","D",-0.93755
"104th","Thompson","Fred","TN","R",-1.04469
"104th","Kyl","Jon","AZ","R",-1.05329
"104th","Helms","Jesse","NC","R",-1.06315
"104th","Nickles","Don","OK","R",-1.07221
"104th","Santorum","Rick","PA","R",-1.08102
"104th","Gramm","Phil","TX","R",-1.08112
"104th","Thomas","Craig","WY","R",-1.15293
"104th","Coats","Dan","IN","R",-1.35343
"104th","Byrd","Robert","WV","D",-1.39652
"104th","Ashcroft","John","MO","R",-1.63371
"104th","Coverdell","Paul","GA","R",-1.86891
"104th","Abraham","Spencer","MI","R",-0.7071
"104th","Akaka","Daniel","HI","D",-0.35751
"104th","Ashcroft","John","MO","R",-1.63371
"104th","Baucus","Max","MT","D",0.68726
"104th","Bennett","Bob","UT","R",-0.789
"104th","Biden","Joe","DE","D",0.469646
"104th","Bingaman","Jeff","NM","D",0.815684
"104th","Bond","Kit","MO","R",-0.58911
"104th","Boxer","Barbara","CA","D",-0.18094
"104th","Bradley","Bill","NJ","D",-0.25213
"104th","Breaux","John","LA","D",0.568236
"104th","Brown","Hank","CO","R",-0.76115
"104th","Bryan","Richard","NV","D",0.194764
"104th","Bumpers","Dale","AR","D",-0.51715
"104th","Burns","Conrad","MT","R",-0.47365
"104th","Byrd","Robert","WV","D",-1.39652
"104th","Campbell","Ben","CO","R",0.525175
"104th","Chafee","John","RI","R",0.770633
"104th","Coats","Dan","IN","R",-1.35343
"104th","Cochran","Thad","MS","R",-0.26127
"104th","Cohen","Bill","ME","R",0.122252
"104th","Conrad","Kent","ND","D",0.066816
"104th","Coverdell","Paul","GA","R",-1.86891
"104th","Craig","Larry","ID","R",-0.5646
"104th","D'Amato","Alfonse","NY","R",0.612412
"104th","DeWine","Mike","OH","R",-0.47161
"104th","Dodd","Chris","CT","D",-0.61943
"104th","Domenici","Pete","NM","R",0.378467
"104th","Dorgan","Byron","ND","D",-0.15665
"104th","Exon","Jim","NE","D",-0.67148
"104th","Faircloth","Lauch","NC","R",-0.83032
"104th","Feingold","Russ","WI","D",-0.42817
"104th","Feinstein","Dianne","CA","D",0.687457
"104th","Ford","Wendell","KY","D",0.689258
"104th","Frist","Bill","TN","R",-0.47902
"104th","Glenn","John","OH","D",0.655332
"104th","Gorton","Slade","WA","R",-0.14909
"104th","Graham","Bob","FL","D",0.385796
"104th","Gramm","Phil","TX","R",-1.08112
"104th","Grams","Rod","MN","R",-0.85144
"104th","Grassley","Chuck","IA","R",0.540858
"104th","Gregg","Judd","NH","R",-0.88842
"104th","Harkin","Tom","IA","D",-0.41797
"104th","Hatch","Orrin","UT","R",0.019319
"104th","Hatfield","Mark","OR","R",0.985525
"104th","Heflin","Howell","AL","D",1.169758
"104th","Helms","Jesse","NC","R",-1.06315
"104th","Hollings","Ernest","SC","D",0.024871
"104th","Hutchison","Kay","TX","R",-0.47682
"104th","Inhofe","Jim","OK","R",-0.46491
"104th","Inouye","Daniel","HI","D",0.041458
"104th","Jeffords","Jim","VT","R",0.866506
"104th","Johnston","Bennett","LA","D",0.506696
"104th","Kassebaum","Nancy","KS","R",0.147008
"104th","Kempthorne","Dirk","ID","R",-0.85697
"104th","Kennedy","Ted","MA","D",-0.61944
"104th","Kerrey","Bob","NE","D",0.702346
"104th","Kerry","John","MA","D",-0.67382
"104th","Kohl","Herb","WI","D",0.123777
"104th","Kyl","Jon","AZ","R",-1.05329
"104th","Lautenberg","Frank","NJ","D",-0.93755
"104th","Leahy","Patrick","VT","D",0.590512
"104th","Levin","Carl","MI","D",0.664833
"104th","Lieberman","Joe","CT","D",0.928733
"104th","Lott","Trent","MS","R",-0.34048
"104th","Lugar","Richard","IN","R",0.277143
"104th","Mack","Connie","FL","R",-0.30286
"104th","McCain","John","AZ","R",-0.0316
"104th","McConnell","Mitch","KY","R",-0.57249
"104th","Mikulski","Barbara","MD","D",-0.52523
"104th","Moseley Braun","Carol","IL","D",0.314083
"104th","Moynihan","Pat","NY","D",0.486979
"104th","Murkowski","Frank","AK","R",-0.64743
"104th","Murray","Patty","WA","D",-0.2707
"104th","Nickles","Don","OK","R",-1.07221
"104th","Nunn","Sam","GA","D",1.626965
"104th","Pell","Claiborne","RI","D",-0.32557
"104th","Pressler","Larry","SD","R",0.294091
"104th","Pryor","David","AR","D",0.613642
"104th","Reid","Harry","NV","D",0.561026
"104th","Robb","Chuck","VA","D",0.417084
"104th","Rockefeller","Jay","WV","D",-0.0479
"104th","Roth","Bill","DE","R",-0.06025
"104th","Santorum","Rick","PA","R",-1.08102
"104th","Sarbanes","Paul","MD","D",0.215214
"104th","Shelby","Richard","AL","R",-0.44257
"104th","Simon","Paul","IL","D",0.0288
"104th","Simpson","Alan","WY","R",-0.63461
"104th","Smith","Bob","NH","R",-0.65457
"104th","Snowe","Olympia","ME","R",0.043675
"104th","Specter","Arlen","PA","R",0.138808
"104th","Stevens","Ted","AK","R",-0.4043
"104th","Thomas","Craig","WY","R",-1.15293
"104th","Thompson","Fred","TN","R",-1.04469
"104th","Thurmond","Strom","SC","R",-0.8903
"104th","Warner","John","VA","R",0.221422
"104th","Wellstone","Paul","MN","D",-0.86298
"104th","Wyden","Ron","OR","D",-0.16293
"103th","Shelby","Richard","AL","D",1.878779
"103th","Boren","David","OK","D",1.308541
"103th","Nunn","Sam","GA","D",1.276903
"103th","Hatfield","Mark","OR","R",1.246969
"103th","Durenberger","David","MN","R",1.011092
"103th","Jeffords","Jim","VT","R",0.961582
"103th","Domenici","Pete","NH","R",0.947105
"103th","Chafee","John","RI","R",0.911664
"103th","Reid","Harry","NV","D",0.872084
"103th","Warner","John","VA","R",0.704715
"103th","Heflin","Howell","AL","D",0.665132
"103th","Baucus","Max","MT","D",0.661835
"103th","Campbell","Ben","CO","D",0.64478
"103th","Packwood","Bob","OR","R",0.64076
"103th","Bumpers","Dale","AR","D",0.598726
"103th","Hatch","Orrin","UT","R",0.541492
"103th","Cohen","Bill","ME","R",0.530699
"103th","Bingaman","Jeff","NM","D",0.485789
"103th","Bryan","Richard","NV","D",0.474254
"103th","Daschle","Tom","SD","D",0.443042
"103th","Bond","Kit","MO","R",0.43401
"103th","D'Amato","Alfonse","NY","R",0.431271
"103th","Hollings","Ernest","SC","D",0.412672
"103th","Breaux","John","LA","D",0.373105
"103th","Exon","Jim","NE","D",0.367755
"103th","Pryor","David","AR","D",0.361041
"103th","Robb","Chuck","VA","D",0.346391
"103th","Kassebaum","Nancy","KS","R",0.341759
"103th","Kennedy","Ted","MA","D",0.339423
"103th","Grassley","Chuck","IA","R",0.329262
"103th","Danforth","John","MO","R",0.264452
"103th","DeConcini","Dennis","AZ","D",0.257378
"103th","Levin","Carl","MI","D",0.256241
"103th","Lieberman","Joe","CT","D",0.220746
"103th","Gorton","Slade","WA","R",0.218346
"103th","McCain","John","AZ","R",0.209943
"103th","Harkin","Tom","IA","D",0.11507
"103th","Biden","Joe","DE","D",0.110247
"103th","Leahy","Patrick","VT","D",0.095795
"103th","Inouye","Daniel","HI","D",0.061667
"103th","Conrad","Kent","ND","D",0.057755
"103th","Dodd","Chris","CT","D",0.038747
"103th","Kerrey","Bob","NE","D",-0.00874
"103th","Feinstein","Dianne","CA","D",-0.03087
"103th","Hutchison","Kay","TX","R",-0.03513
"103th","Lugar","Richard","IN","R",-0.04427
"103th","Cochran","Thad","MS","R",-0.04506
"103th","Burns","Conrad","MT","R",-0.04753
"103th","Glenn","John","OH","D",-0.06781
"103th","Dorgan","Byron","ND","D",-0.08275
"103th","Specter","Arlen","PA","R",-0.10886
"103th","Moynihan","Pat","NY","D",-0.11748
"103th","Moseley Braun","Carol","IL","D",-0.15639
"103th","Ford","Wendell","KY","D",-0.1658
"103th","Kohl","Herb","WI","D",-0.17779
"103th","Simon","Paul","IL","D",-0.19226
"103th","Rockefeller","Jay","WV","D",-0.20058
"103th","Roth","Bill","DE","R",-0.20644
"103th","Metzenbaum","Howard","OH","D",-0.21874
"103th","Faircloth","Lauch","NC","R",-0.26293
"103th","Craig","Larry","ID","R",-0.28854
"103th","Bennett","Bob","UT","R",-0.28919
"103th","Kempthorne","Dirk","ID","R",-0.29121
"103th","Riegle","Donald","MI","D",-0.36653
"103th","Graham","Bob","FL","D",-0.36783
"103th","Johnston","Bennett","LA","D",-0.37656
"103th","Pressler","Larry","SD","R",-0.38798
"103th","Murray","Patty","WA","D",-0.39197
"103th","Simpson","Alan","WY","R",-0.4273
"103th","Stevens","Ted","AK","R",-0.43319
"103th","Bradley","Bill","NJ","D",-0.45606
"103th","Murkowski","Frank","AK","R",-0.45645
"103th","Sasser","Jim","TN","D",-0.49818
"103th","Mack","Connie","FL","R",-0.5163
"103th","Thurmond","Strom","SC","R",-0.52181
"103th","Lott","Trent","MS","R",-0.5238
"103th","McConnell","Mitch","KY","R",-0.53723
"103th","Akaka","Daniel","HI","D",-0.55234
"103th","Sarbanes","Paul","MD","D",-0.5894
"103th","Brown","Hank","CO","R",-0.6193
"103th","Wellstone","Paul","MN","D",-0.62667
"103th","Pell","Claiborne","RI","D",-0.67456
"103th","Smith","Bob","NH","R",-0.68703
"103th","Mikulski","Barbara","MD","D",-0.72398
"103th","Coats","Dan","IN","R",-0.73752
"103th","Lautenberg","Frank","NJ","D",-0.80289
"103th","Kerry","John","MA","D",-0.80564
"103th","Mathews","Harlan","TN","D",-0.82511
"103th","Wofford","Harris","PA","D",-0.83298
"103th","Nickles","Don","OK","R",-0.86991
"103th","Wallop","Malcolm","WY","R",-1.01114
"103th","Feingold","Russ","WI","D",-1.0461
"103th","Boxer","Barbara","CA","D",-1.08552
"103th","Gregg","Judd","NH","R",-1.2084
"103th","Helms","Jesse","NC","R",-1.3333
"103th","Gramm","Phil","TX","R",-1.36967
"103th","Byrd","Robert","WV","D",-1.39783
"103th","Coverdell","Paul","GA","R",-1.54537
"103th","Akaka","Daniel","HI","D",-0.55234
"103th","Baucus","Max","MT","D",0.661835
"103th","Bennett","Bob","UT","R",-0.28919
"103th","Biden","Joe","DE","D",0.110247
"103th","Bingaman","Jeff","NM","D",0.485789
"103th","Bond","Kit","MO","R",0.43401
"103th","Boren","David","OK","D",1.308541
"103th","Boxer","Barbara","CA","D",-1.08552
"103th","Bradley","Bill","NJ","D",-0.45606
"103th","Breaux","John","LA","D",0.373105
"103th","Brown","Hank","CO","R",-0.6193
"103th","Bryan","Richard","NV","D",0.474254
"103th","Bumpers","Dale","AR","D",0.598726
"103th","Burns","Conrad","MT","R",-0.04753
"103th","Byrd","Robert","WV","D",-1.39783
"103th","Campbell","Ben","CO","D",0.64478
"103th","Chafee","John","RI","R",0.911664
"103th","Coats","Dan","IN","R",-0.73752
"103th","Cochran","Thad","MS","R",-0.04506
"103th","Cohen","Bill","ME","R",0.530699
"103th","Conrad","Kent","ND","D",0.057755
"103th","Coverdell","Paul","GA","R",-1.54537
"103th","Craig","Larry","ID","R",-0.28854
"103th","D'Amato","Alfonse","NY","R",0.431271
"103th","Danforth","John","MO","R",0.264452
"103th","Daschle","Tom","SD","D",0.443042
"103th","DeConcini","Dennis","AZ","D",0.257378
"103th","Dodd","Chris","CT","D",0.038747
"103th","Domenici","Pete","NH","R",0.947105
"103th","Dorgan","Byron","ND","D",-0.08275
"103th","Durenberger","David","MN","R",1.011092
"103th","Exon","Jim","NE","D",0.367755
"103th","Faircloth","Lauch","NC","R",-0.26293
"103th","Feingold","Russ","WI","D",-1.0461
"103th","Feinstein","Dianne","CA","D",-0.03087
"103th","Ford","Wendell","KY","D",-0.1658
"103th","Glenn","John","OH","D",-0.06781
"103th","Gorton","Slade","WA","R",0.218346
"103th","Graham","Bob","FL","D",-0.36783
"103th","Gramm","Phil","TX","R",-1.36967
"103th","Grassley","Chuck","IA","R",0.329262
"103th","Gregg","Judd","NH","R",-1.2084
"103th","Harkin","Tom","IA","D",0.11507
"103th","Hatch","Orrin","UT","R",0.541492
"103th","Hatfield","Mark","OR","R",1.246969
"103th","Heflin","Howell","AL","D",0.665132
"103th","Helms","Jesse","NC","R",-1.3333
"103th","Hollings","Ernest","SC","D",0.412672
"103th","Hutchison","Kay","TX","R",-0.03513
"103th","Inouye","Daniel","HI","D",0.061667
"103th","Jeffords","Jim","VT","R",0.961582
"103th","Johnston","Bennett","LA","D",-0.37656
"103th","Kassebaum","Nancy","KS","R",0.341759
"103th","Kempthorne","Dirk","ID","R",-0.29121
"103th","Kennedy","Ted","MA","D",0.339423
"103th","Kerrey","Bob","NE","D",-0.00874
"103th","Kerry","John","MA","D",-0.80564
"103th","Kohl","Herb","WI","D",-0.17779
"103th","Lautenberg","Frank","NJ","D",-0.80289
"103th","Leahy","Patrick","VT","D",0.095795
"103th","Levin","Carl","MI","D",0.256241
"103th","Lieberman","Joe","CT","D",0.220746
"103th","Lott","Trent","MS","R",-0.5238
"103th","Lugar","Richard","IN","R",-0.04427
"103th","Mack","Connie","FL","R",-0.5163
"103th","Mathews","Harlan","TN","D",-0.82511
"103th","McCain","John","AZ","R",0.209943
"103th","McConnell","Mitch","KY","R",-0.53723
"103th","Metzenbaum","Howard","OH","D",-0.21874
"103th","Mikulski","Barbara","MD","D",-0.72398
"103th","Moseley Braun","Carol","IL","D",-0.15639
"103th","Moynihan","Pat","NY","D",-0.11748
"103th","Murkowski","Frank","AK","R",-0.45645
"103th","Murray","Patty","WA","D",-0.39197
"103th","Nickles","Don","OK","R",-0.86991
"103th","Nunn","Sam","GA","D",1.276903
"103th","Packwood","Bob","OR","R",0.64076
"103th","Pell","Claiborne","RI","D",-0.67456
"103th","Pressler","Larry","SD","R",-0.38798
"103th","Pryor","David","AR","D",0.361041
"103th","Reid","Harry","NV","D",0.872084
"103th","Riegle","Donald","MI","D",-0.36653
"103th","Robb","Chuck","VA","D",0.346391
"103th","Rockefeller","Jay","WV","D",-0.20058
"103th","Roth","Bill","DE","R",-0.20644
"103th","Sarbanes","Paul","MD","D",-0.5894
"103th","Sasser","Jim","TN","D",-0.49818
"103th","Shelby","Richard","AL","D",1.878779
"103th","Simon","Paul","IL","D",-0.19226
"103th","Simpson","Alan","WY","R",-0.4273
"103th","Smith","Bob","NH","R",-0.68703
"103th","Specter","Arlen","PA","R",-0.10886
"103th","Stevens","Ted","AK","R",-0.43319
"103th","Thurmond","Strom","SC","R",-0.52181
"103th","Wallop","Malcolm","WY","R",-1.01114
"103th","Warner","John","VA","R",0.704715
"103th","Wellstone","Paul","MN","D",-0.62667
"103th","Wofford","Harris","PA","D",-0.83298
